"Sample.ID","Cancer.Type.Detailed","Protein.Change","Annotation","Functional.Impact","Mutation.Type","Variant.Type","MS","VS","Center","Chromosome","Start.Pos","End.Pos","Ref","Var","HGVSg","HGVSc","Allele.Freq..T.","Allele.Freq..N.","Variant.Reads","Ref.Reads","Variant.Reads..Normal.","Ref.Reads..Normal.","Exon","gnomAD","ClinVar","dbSNP","SIGNAL"
"BYF1","Gallbladder","X199_splice","OncoKB: Unknown, level NA, resistance NA;CIViC: NA;MyCancerGenome: not present;CancerHotspot: no;3DHotspot: no","MutationAssessor: NA;SIFT: NA;Polyphen-2: NA","Splice_Region","SNP",NA,NA,NA,"chr2",178096740,178096740,"C","TRUE","chr2:g.178096740C>T","ENST00000397062.3:c.595-4G>A",NA,NA,NA,NA,NA,NA,NA,NA,NA,NA,NA
"YLG1","Gallbladder","X199_splice","OncoKB: Unknown, level NA, resistance NA;CIViC: NA;MyCancerGenome: not present;CancerHotspot: no;3DHotspot: no","MutationAssessor: NA;SIFT: NA;Polyphen-2: NA","Splice_Region","SNP",NA,NA,NA,"chr2",178096740,178096740,"C","TRUE","chr2:g.178096740C>T","ENST00000397062.3:c.595-4G>A",NA,NA,NA,NA,NA,NA,NA,NA,NA,NA,NA
"TBX","Cholangiocarcinoma","X199_splice","OncoKB: Unknown, level NA, resistance NA;CIViC: NA;MyCancerGenome: not present;CancerHotspot: no;3DHotspot: no","MutationAssessor: NA;SIFT: NA;Polyphen-2: NA","Splice_Region","SNP",NA,NA,NA,"chr2",178096740,178096740,"C","TRUE","chr2:g.178096740C>T","ENST00000397062.3:c.595-4G>A",NA,NA,NA,NA,NA,NA,NA,NA,NA,NA,NA
"WGH","Cholangiocarcinoma","X199_splice","OncoKB: Unknown, level NA, resistance NA;CIViC: NA;MyCancerGenome: not present;CancerHotspot: no;3DHotspot: no","MutationAssessor: NA;SIFT: NA;Polyphen-2: NA","Splice_Region","SNP",NA,NA,NA,"chr2",178096740,178096740,"C","TRUE","chr2:g.178096740C>T","ENST00000397062.3:c.595-4G>A",NA,NA,NA,NA,NA,NA,NA,NA,NA,NA,NA
"CHG2","Gallbladder","X2578_splice","OncoKB: NA;CIViC: NA;MyCancerGenome: not present;CancerHotspot: no;3DHotspot: no","MutationAssessor: NA;SIFT: NA;Polyphen-2: NA","Splice_Region","SNP",NA,NA,NA,"chr6",51720872,51720872,"A","G","chr6:g.51720872A>G","ENST00000371117.3:c.7734-4T>C",NA,NA,NA,NA,NA,NA,NA,NA,"Benign",NA,NA
"NZM","Gallbladder","X865_splice","OncoKB: NA;CIViC: NA;MyCancerGenome: not present;CancerHotspot: no;3DHotspot: no","MutationAssessor: NA;SIFT: NA;Polyphen-2: NA","Splice_Region","SNP",NA,NA,NA,"chr6",51909893,51909893,"T","C","chr6:g.51909893T>C","ENST00000371117.3:c.2593-7A>G",NA,NA,NA,NA,NA,NA,NA,NA,"",NA,NA
"CLYGG1","Gallbladder","X3581_splice","OncoKB: Likely Oncogenic, level NA, resistance NA;CIViC: NA;MyCancerGenome: not present;CancerHotspot: no;3DHotspot: no","MutationAssessor: NA;SIFT: NA;Polyphen-2: NA","Splice_Region","SNP",NA,NA,NA,"chr12",49427754,49427754,"TRUE","C","chr12:g.49427754T>C","ENST00000301067.7:c.10741-7A>G",NA,NA,NA,NA,NA,NA,NA,NA,"Uncertain_significance",NA,0.00012
"CLYGG1","Gallbladder","X14052_splice","OncoKB: NA;CIViC: NA;MyCancerGenome: not present;CancerHotspot: no;3DHotspot: no","MutationAssessor: NA;SIFT: NA;Polyphen-2: NA","Splice_Region","SNP",NA,NA,NA,"chr19",8979212,8979212,"C","T","chr19:g.8979212C>T","ENST00000397910.4:c.42154+5G>A",NA,NA,NA,NA,NA,NA,NA,NA,NA,NA,NA
"NDX2","Gallbladder","X12224_splice","OncoKB: NA;CIViC: NA;MyCancerGenome: not present;CancerHotspot: no;3DHotspot: no","MutationAssessor: NA;SIFT: NA;Polyphen-2: NA","Splice_Region","SNP",NA,NA,NA,"chr19",9026318,9026318,"A","G","chr19:g.9026318A>G","ENST00000397910.4:c.36671-3T>C",NA,NA,NA,NA,NA,NA,NA,NA,NA,NA,NA
"WWP1","Gallbladder","X12224_splice","OncoKB: NA;CIViC: NA;MyCancerGenome: not present;CancerHotspot: no;3DHotspot: no","MutationAssessor: NA;SIFT: NA;Polyphen-2: NA","Splice_Region","SNP",NA,NA,NA,"chr19",9026318,9026318,"A","G","chr19:g.9026318A>G","ENST00000397910.4:c.36671-3T>C",NA,NA,NA,NA,NA,NA,NA,NA,NA,NA,NA
"GFY","Gallbladder","X12224_splice","OncoKB: NA;CIViC: NA;MyCancerGenome: not present;CancerHotspot: no;3DHotspot: no","MutationAssessor: NA;SIFT: NA;Polyphen-2: NA","Splice_Region","SNP",NA,NA,NA,"chr19",9026318,9026318,"A","G","chr19:g.9026318A>G","ENST00000397910.4:c.36671-3T>C",NA,NA,NA,NA,NA,NA,NA,NA,NA,NA,NA
"NZM","Gallbladder","X12224_splice","OncoKB: NA;CIViC: NA;MyCancerGenome: not present;CancerHotspot: no;3DHotspot: no","MutationAssessor: NA;SIFT: NA;Polyphen-2: NA","Splice_Region","SNP",NA,NA,NA,"chr19",9026318,9026318,"A","G","chr19:g.9026318A>G","ENST00000397910.4:c.36671-3T>C",NA,NA,NA,NA,NA,NA,NA,NA,NA,NA,NA
"DFY1","Cholangiocarcinoma","X12224_splice","OncoKB: NA;CIViC: NA;MyCancerGenome: not present;CancerHotspot: no;3DHotspot: no","MutationAssessor: NA;SIFT: NA;Polyphen-2: NA","Splice_Region","SNP",NA,NA,NA,"chr19",9026318,9026318,"A","G","chr19:g.9026318A>G","ENST00000397910.4:c.36671-3T>C",NA,NA,NA,NA,NA,NA,NA,NA,NA,NA,NA
"LLY2","Cholangiocarcinoma","X12224_splice","OncoKB: NA;CIViC: NA;MyCancerGenome: not present;CancerHotspot: no;3DHotspot: no","MutationAssessor: NA;SIFT: NA;Polyphen-2: NA","Splice_Region","SNP",NA,NA,NA,"chr19",9026318,9026318,"A","G","chr19:g.9026318A>G","ENST00000397910.4:c.36671-3T>C",NA,NA,NA,NA,NA,NA,NA,NA,NA,NA,NA
"QFF1","Cholangiocarcinoma","X14052_splice","OncoKB: NA;CIViC: NA;MyCancerGenome: not present;CancerHotspot: no;3DHotspot: no","MutationAssessor: NA;SIFT: NA;Polyphen-2: NA","Splice_Region","SNP",NA,NA,NA,"chr19",8979212,8979212,"C","T","chr19:g.8979212C>T","ENST00000397910.4:c.42154+5G>A",NA,NA,NA,NA,NA,NA,NA,NA,NA,NA,NA
"QFF2","Cholangiocarcinoma","X14052_splice","OncoKB: NA;CIViC: NA;MyCancerGenome: not present;CancerHotspot: no;3DHotspot: no","MutationAssessor: NA;SIFT: NA;Polyphen-2: NA","Splice_Region","SNP",NA,NA,NA,"chr19",8979212,8979212,"C","T","chr19:g.8979212C>T","ENST00000397910.4:c.42154+5G>A",NA,NA,NA,NA,NA,NA,NA,NA,NA,NA,NA
"SWZ1","Cholangiocarcinoma","X14052_splice","OncoKB: NA;CIViC: NA;MyCancerGenome: not present;CancerHotspot: no;3DHotspot: no","MutationAssessor: NA;SIFT: NA;Polyphen-2: NA","Splice_Region","SNP",NA,NA,NA,"chr19",8979212,8979212,"C","T","chr19:g.8979212C>T","ENST00000397910.4:c.42154+5G>A",NA,NA,NA,NA,NA,NA,NA,NA,NA,NA,NA
"YHX1","Cholangiocarcinoma","X12224_splice","OncoKB: NA;CIViC: NA;MyCancerGenome: not present;CancerHotspot: no;3DHotspot: no","MutationAssessor: NA;SIFT: NA;Polyphen-2: NA","Splice_Region","SNP",NA,NA,NA,"chr19",9026318,9026318,"A","G","chr19:g.9026318A>G","ENST00000397910.4:c.36671-3T>C",NA,NA,NA,NA,NA,NA,NA,NA,NA,NA,NA
"SZW","Cholangiocarcinoma","X12224_splice","OncoKB: NA;CIViC: NA;MyCancerGenome: not present;CancerHotspot: no;3DHotspot: no","MutationAssessor: NA;SIFT: NA;Polyphen-2: NA","Splice_Region","SNP",NA,NA,NA,"chr19",9026318,9026318,"A","G","chr19:g.9026318A>G","ENST00000397910.4:c.36671-3T>C",NA,NA,NA,NA,NA,NA,NA,NA,NA,NA,NA
"ZLD","Cholangiocarcinoma","X12224_splice","OncoKB: NA;CIViC: NA;MyCancerGenome: not present;CancerHotspot: no;3DHotspot: no","MutationAssessor: NA;SIFT: NA;Polyphen-2: NA","Splice_Region","SNP",NA,NA,NA,"chr19",9026318,9026318,"A","G","chr19:g.9026318A>G","ENST00000397910.4:c.36671-3T>C",NA,NA,NA,NA,NA,NA,NA,NA,NA,NA,NA
"GFD1","Gallbladder","X589_splice","OncoKB: Unknown, level NA, resistance NA;CIViC: NA;MyCancerGenome: not present;CancerHotspot: no;3DHotspot: no","MutationAssessor: NA;SIFT: NA;Polyphen-2: NA","Splice_Region","SNP",NA,NA,NA,"chr9",87563370,87563370,"TRUE","C","chr9:g.87563370T>C","ENST00000277120.3:c.1765-7T>C",NA,NA,NA,NA,NA,NA,NA,NA,NA,NA,NA
"NDX2","Gallbladder","X589_splice","OncoKB: Unknown, level NA, resistance NA;CIViC: NA;MyCancerGenome: not present;CancerHotspot: no;3DHotspot: no","MutationAssessor: NA;SIFT: NA;Polyphen-2: NA","Splice_Region","SNP",NA,NA,NA,"chr9",87563370,87563370,"TRUE","C","chr9:g.87563370T>C","ENST00000277120.3:c.1765-7T>C",NA,NA,NA,NA,NA,NA,NA,NA,NA,NA,NA
"SCL2","Gallbladder","X589_splice","OncoKB: Unknown, level NA, resistance NA;CIViC: NA;MyCancerGenome: not present;CancerHotspot: no;3DHotspot: no","MutationAssessor: NA;SIFT: NA;Polyphen-2: NA","Splice_Region","SNP",NA,NA,NA,"chr9",87563370,87563370,"TRUE","C","chr9:g.87563370T>C","ENST00000277120.3:c.1765-7T>C",NA,NA,NA,NA,NA,NA,NA,NA,NA,NA,NA
"WLF2","Gallbladder","X589_splice","OncoKB: Unknown, level NA, resistance NA;CIViC: NA;MyCancerGenome: not present;CancerHotspot: no;3DHotspot: no","MutationAssessor: NA;SIFT: NA;Polyphen-2: NA","Splice_Region","SNP",NA,NA,NA,"chr9",87563370,87563370,"TRUE","C","chr9:g.87563370T>C","ENST00000277120.3:c.1765-7T>C",NA,NA,NA,NA,NA,NA,NA,NA,NA,NA,NA
"WSZ1","Gallbladder","X589_splice","OncoKB: Unknown, level NA, resistance NA;CIViC: NA;MyCancerGenome: not present;CancerHotspot: no;3DHotspot: no","MutationAssessor: NA;SIFT: NA;Polyphen-2: NA","Splice_Region","SNP",NA,NA,NA,"chr9",87563370,87563370,"TRUE","C","chr9:g.87563370T>C","ENST00000277120.3:c.1765-7T>C",NA,NA,NA,NA,NA,NA,NA,NA,NA,NA,NA
"GSG","Gallbladder","X589_splice","OncoKB: Unknown, level NA, resistance NA;CIViC: NA;MyCancerGenome: not present;CancerHotspot: no;3DHotspot: no","MutationAssessor: NA;SIFT: NA;Polyphen-2: NA","Splice_Region","SNP",NA,NA,NA,"chr9",87563370,87563370,"TRUE","C","chr9:g.87563370T>C","ENST00000277120.3:c.1765-7T>C",NA,NA,NA,NA,NA,NA,NA,NA,NA,NA,NA
"ZSX","Gallbladder","X589_splice","OncoKB: Unknown, level NA, resistance NA;CIViC: NA;MyCancerGenome: not present;CancerHotspot: no;3DHotspot: no","MutationAssessor: NA;SIFT: NA;Polyphen-2: NA","Splice_Region","SNP",NA,NA,NA,"chr9",87563370,87563370,"TRUE","C","chr9:g.87563370T>C","ENST00000277120.3:c.1765-7T>C",NA,NA,NA,NA,NA,NA,NA,NA,NA,NA,NA
"QFF1","Cholangiocarcinoma","X589_splice","OncoKB: Unknown, level NA, resistance NA;CIViC: NA;MyCancerGenome: not present;CancerHotspot: no;3DHotspot: no","MutationAssessor: NA;SIFT: NA;Polyphen-2: NA","Splice_Region","SNP",NA,NA,NA,"chr9",87563370,87563370,"TRUE","C","chr9:g.87563370T>C","ENST00000277120.3:c.1765-7T>C",NA,NA,NA,NA,NA,NA,NA,NA,NA,NA,NA
"WJX1","Gallbladder","X704_splice","OncoKB: Likely Oncogenic, level NA, resistance NA;CIViC: NA;MyCancerGenome: not present;CancerHotspot: no;3DHotspot: no","MutationAssessor: NA;SIFT: NA;Polyphen-2: NA","Splice_Region","SNP",NA,NA,NA,"chr7",148506396,148506396,"A","C","chr7:g.148506396A>C","ENST00000320356.2:c.2110+6T>G",NA,NA,NA,NA,NA,NA,NA,NA,"Benign",NA,NA
"WSZ2","Gallbladder","X704_splice","OncoKB: Likely Oncogenic, level NA, resistance NA;CIViC: NA;MyCancerGenome: not present;CancerHotspot: no;3DHotspot: no","MutationAssessor: NA;SIFT: NA;Polyphen-2: NA","Splice_Region","SNP",NA,NA,NA,"chr7",148506396,148506396,"A","C","chr7:g.148506396A>C","ENST00000320356.2:c.2110+6T>G",NA,NA,NA,NA,NA,NA,NA,NA,"Benign",NA,NA
"WZL2","Gallbladder","X704_splice","OncoKB: Likely Oncogenic, level NA, resistance NA;CIViC: NA;MyCancerGenome: not present;CancerHotspot: no;3DHotspot: no","MutationAssessor: NA;SIFT: NA;Polyphen-2: NA","Splice_Region","SNP",NA,NA,NA,"chr7",148506396,148506396,"A","C","chr7:g.148506396A>C","ENST00000320356.2:c.2110+6T>G",NA,NA,NA,NA,NA,NA,NA,NA,"Benign",NA,NA
"LLY2","Cholangiocarcinoma","X704_splice","OncoKB: Likely Oncogenic, level NA, resistance NA;CIViC: NA;MyCancerGenome: not present;CancerHotspot: no;3DHotspot: no","MutationAssessor: NA;SIFT: NA;Polyphen-2: NA","Splice_Region","SNP",NA,NA,NA,"chr7",148506396,148506396,"A","C","chr7:g.148506396A>C","ENST00000320356.2:c.2110+6T>G",NA,NA,NA,NA,NA,NA,NA,NA,"Benign",NA,NA
"CZP","Cholangiocarcinoma","X2002_splice","OncoKB: Likely Oncogenic, level_3b, resistance NA;CIViC: NA;MyCancerGenome: not present;CancerHotspot: no;3DHotspot: no","MutationAssessor: NA;SIFT: NA;Polyphen-2: NA","Splice_Region","SNP",NA,NA,NA,"chr11",108183233,108183233,"TRUE","A","chr11:g.108183233T>A","ENST00000278616.4:c.6006+8T>A",NA,NA,NA,NA,NA,NA,NA,NA,NA,NA,NA
"WLD2","Gallbladder","X2002_splice","OncoKB: Likely Oncogenic, level NA, resistance NA;CIViC: NA;MyCancerGenome: not present;CancerHotspot: no;3DHotspot: no","MutationAssessor: NA;SIFT: NA;Polyphen-2: NA","Splice_Region","SNP",NA,NA,NA,"chr11",108183233,108183233,"TRUE","A","chr11:g.108183233T>A","ENST00000278616.4:c.6006+8T>A",NA,NA,NA,NA,NA,NA,NA,NA,NA,NA,NA
"WLF2","Gallbladder","X114_splice","OncoKB: Likely Oncogenic, level NA, resistance NA;CIViC: NA;MyCancerGenome: not present;CancerHotspot: yes;3DHotspot: no","MutationAssessor: NA;SIFT: NA;Polyphen-2: NA","Splice_Region","SNP",NA,NA,NA,"chr3",10183876,10183876,"G","C","chr3:g.10183876G>C","ENST00000256474.2:c.340+5G>C",NA,NA,NA,NA,NA,NA,NA,NA,"Benign/Likely_benign",NA,0.0075
"WSZ1","Gallbladder","X114_splice","OncoKB: Likely Oncogenic, level NA, resistance NA;CIViC: NA;MyCancerGenome: not present;CancerHotspot: yes;3DHotspot: no","MutationAssessor: NA;SIFT: NA;Polyphen-2: NA","Splice_Region","SNP",NA,NA,NA,"chr3",10183876,10183876,"G","C","chr3:g.10183876G>C","ENST00000256474.2:c.340+5G>C",NA,NA,NA,NA,NA,NA,NA,NA,"Benign/Likely_benign",NA,0.0075
"WWP1","Gallbladder","K132R","OncoKB: Likely Oncogenic, level NA, resistance NA;CIViC: NA;MyCancerGenome: not present;CancerHotspot: yes;3DHotspot: yes","MutationAssessor: impact: medium, score: 2.57;SIFT: impact: deleterious, score: 0.01;Polyphen-2: impact: probably_damaging, score: 0.993","Missense_Mutation","SNP",NA,NA,NA,"chr17",7578535,7578535,"T","C","chr17:g.7578535T>C","ENST00000269305.4:c.395A>G",NA,NA,NA,NA,NA,NA,"5/11",NA,"Uncertain_significance",NA,NA
"XSL2","Gallbladder","X187_splice","OncoKB: Likely Oncogenic, level NA, resistance NA;CIViC: NA;MyCancerGenome: not present;CancerHotspot: yes;3DHotspot: no","MutationAssessor: NA;SIFT: NA;Polyphen-2: NA","Splice_Region","SNP",NA,NA,NA,"chr17",7578292,7578292,"A","C","chr17:g.7578292A>C","ENST00000269305.4:c.560-3T>G",NA,NA,NA,NA,NA,NA,"",NA,"Likely_pathogenic",NA,NA
"YHL","Gallbladder","X126_splice","OncoKB: Likely Oncogenic, level NA, resistance NA;CIViC: NA;MyCancerGenome: not present;CancerHotspot: yes;3DHotspot: no","MutationAssessor: NA;SIFT: NA;Polyphen-2: NA","Splice_Site","SNP",NA,NA,NA,"chr17",7578556,7578556,"T","G","chr17:g.7578556T>G","ENST00000269305.4:c.376-2A>C",NA,NA,NA,NA,NA,NA,"",NA,"",NA,NA
"WZL1","Gallbladder","X341_splice","OncoKB: Unknown, level NA, resistance NA;CIViC: NA;MyCancerGenome: not present;CancerHotspot: no;3DHotspot: no","MutationAssessor: NA;SIFT: NA;Polyphen-2: NA","Splice_Region","SNP",NA,NA,NA,"chr15",66782048,66782048,"C","TRUE","chr15:g.66782048C>T","ENST00000307102.5:c.1023-8C>T",NA,NA,NA,NA,NA,NA,NA,NA,"Benign",NA,NA
"LJ","Gallbladder","X341_splice","OncoKB: Unknown, level NA, resistance NA;CIViC: NA;MyCancerGenome: not present;CancerHotspot: no;3DHotspot: no","MutationAssessor: NA;SIFT: NA;Polyphen-2: NA","Splice_Region","SNP",NA,NA,NA,"chr15",66782048,66782048,"C","TRUE","chr15:g.66782048C>T","ENST00000307102.5:c.1023-8C>T",NA,NA,NA,NA,NA,NA,NA,NA,"Benign",NA,NA
"WZL1","Gallbladder","X653_splice","OncoKB: Likely Oncogenic, level NA, resistance NA;CIViC: NA;MyCancerGenome: not present;CancerHotspot: no;3DHotspot: no","MutationAssessor: NA;SIFT: NA;Polyphen-2: NA","Splice_Region","SNP",NA,NA,NA,"chr5",112170870,112170870,"TRUE","C","chr5:g.112170870T>C","ENST00000257430.4:c.1958+8T>C",NA,NA,NA,NA,NA,NA,NA,NA,"Benign",NA,0.013
"LLY2","Cholangiocarcinoma","X653_splice","OncoKB: Likely Oncogenic, level NA, resistance NA;CIViC: NA;MyCancerGenome: not present;CancerHotspot: no;3DHotspot: no","MutationAssessor: NA;SIFT: NA;Polyphen-2: NA","Splice_Region","SNP",NA,NA,NA,"chr5",112170870,112170870,"TRUE","C","chr5:g.112170870T>C","ENST00000257430.4:c.1958+8T>C",NA,NA,NA,NA,NA,NA,NA,NA,"Benign",NA,0.013
"ZH1","Cholangiocarcinoma","X653_splice","OncoKB: Likely Oncogenic, level NA, resistance NA;CIViC: NA;MyCancerGenome: not present;CancerHotspot: no;3DHotspot: no","MutationAssessor: NA;SIFT: NA;Polyphen-2: NA","Splice_Region","SNP",NA,NA,NA,"chr5",112170870,112170870,"TRUE","C","chr5:g.112170870T>C","ENST00000257430.4:c.1958+8T>C",NA,NA,NA,NA,NA,NA,NA,NA,"Benign",NA,0.013
"SZW","Cholangiocarcinoma","X653_splice","OncoKB: Likely Oncogenic, level NA, resistance NA;CIViC: NA;MyCancerGenome: not present;CancerHotspot: no;3DHotspot: no","MutationAssessor: NA;SIFT: NA;Polyphen-2: NA","Splice_Region","SNP",NA,NA,NA,"chr5",112170870,112170870,"TRUE","C","chr5:g.112170870T>C","ENST00000257430.4:c.1958+8T>C",NA,NA,NA,NA,NA,NA,NA,NA,"Benign",NA,0.013
"BYF2","Gallbladder","X437_splice","OncoKB: Unknown, level NA, resistance NA;CIViC: NA;MyCancerGenome: not present;CancerHotspot: no;3DHotspot: no","MutationAssessor: NA;SIFT: NA;Polyphen-2: NA","Splice_Region","SNP",NA,NA,NA,"chr13",28610183,28610183,"A","G","chr13:g.28610183A>G","ENST00000241453.7:c.1310-3T>C",NA,NA,NA,NA,NA,NA,NA,NA,NA,NA,NA
"FCY2","Gallbladder","X437_splice","OncoKB: Unknown, level NA, resistance NA;CIViC: NA;MyCancerGenome: not present;CancerHotspot: no;3DHotspot: no","MutationAssessor: NA;SIFT: NA;Polyphen-2: NA","Splice_Region","SNP",NA,NA,NA,"chr13",28610183,28610183,"A","G","chr13:g.28610183A>G","ENST00000241453.7:c.1310-3T>C",NA,NA,NA,NA,NA,NA,NA,NA,NA,NA,NA
"WSZ1","Gallbladder","X437_splice","OncoKB: Unknown, level NA, resistance NA;CIViC: NA;MyCancerGenome: not present;CancerHotspot: no;3DHotspot: no","MutationAssessor: NA;SIFT: NA;Polyphen-2: NA","Splice_Region","SNP",NA,NA,NA,"chr13",28610183,28610183,"A","G","chr13:g.28610183A>G","ENST00000241453.7:c.1310-3T>C",NA,NA,NA,NA,NA,NA,NA,NA,NA,NA,NA
"WSZ2","Gallbladder","X437_splice","OncoKB: Unknown, level NA, resistance NA;CIViC: NA;MyCancerGenome: not present;CancerHotspot: no;3DHotspot: no","MutationAssessor: NA;SIFT: NA;Polyphen-2: NA","Splice_Region","SNP",NA,NA,NA,"chr13",28610183,28610183,"A","G","chr13:g.28610183A>G","ENST00000241453.7:c.1310-3T>C",NA,NA,NA,NA,NA,NA,NA,NA,NA,NA,NA
"XSL2","Gallbladder","X16_splice","OncoKB: Likely Oncogenic, level NA, resistance NA;CIViC: NA;MyCancerGenome: not present;CancerHotspot: no;3DHotspot: no","MutationAssessor: NA;SIFT: NA;Polyphen-2: NA","Splice_Region","SNP",NA,NA,NA,"chr16",68771372,68771372,"C","T","chr16:g.68771372C>T","ENST00000261769.5:c.48+6C>T",NA,NA,NA,NA,NA,NA,"",NA,"Benign",NA,NA
"LJ","Gallbladder","X16_splice","OncoKB: Likely Oncogenic, level NA, resistance NA;CIViC: NA;MyCancerGenome: not present;CancerHotspot: no;3DHotspot: no","MutationAssessor: NA;SIFT: NA;Polyphen-2: NA","Splice_Region","SNP",NA,NA,NA,"chr16",68771372,68771372,"C","T","chr16:g.68771372C>T","ENST00000261769.5:c.48+6C>T",NA,NA,NA,NA,NA,NA,"",NA,"Benign",NA,NA
"ZH2","Cholangiocarcinoma","","OncoKB: Unknown, level NA, resistance NA;CIViC: NA;MyCancerGenome: not present;CancerHotspot: no;3DHotspot: no","MutationAssessor: NA;SIFT: NA;Polyphen-2: NA","3'UTR","SNP",NA,NA,NA,"chr16",68867439,68867439,"G","A","chr16:g.68867439G>A","ENST00000261769.5:c.*37G>A",NA,NA,NA,NA,NA,NA,"16/16",NA,"",NA,NA
"YRX1","Gallbladder","X785_splice","OncoKB: Likely Oncogenic, level NA, resistance NA;CIViC: NA;MyCancerGenome: not present;CancerHotspot: no;3DHotspot: no","MutationAssessor: NA;SIFT: NA;Polyphen-2: NA","Splice_Site","SNP",NA,NA,NA,"chrX",47045030,47045030,"G","A","chrX:g.47045030G>A","ENST00000377604.3:c.2355+1G>A",NA,NA,NA,NA,NA,NA,NA,NA,NA,NA,NA
"NZM","Gallbladder","X320_splice","OncoKB: Unknown, level NA, resistance NA;CIViC: NA;MyCancerGenome: not present;CancerHotspot: no;3DHotspot: no","MutationAssessor: NA;SIFT: NA;Polyphen-2: NA","Splice_Region","SNP",NA,NA,NA,"chr14",105239435,105239435,"C","TRUE","chr14:g.105239435C>T","ENST00000349310.3:c.958-6G>A",NA,NA,NA,NA,NA,NA,NA,NA,"Benign",NA,0.00012
"QFF1","Cholangiocarcinoma","D1351=","OncoKB: Unknown, level NA, resistance NA;CIViC: NA;MyCancerGenome: not present;CancerHotspot: no;3DHotspot: no","MutationAssessor: NA;SIFT: NA;Polyphen-2: NA","Silent","SNP",NA,NA,NA,"chr19",11145691,11145691,"C","TRUE","chr19:g.11145691C>T","ENST00000358026.2:c.4053C>T",NA,NA,NA,NA,NA,NA,"29/36",NA,"Benign",NA,NA
"QFF2","Cholangiocarcinoma","D1351=","OncoKB: Unknown, level NA, resistance NA;CIViC: NA;MyCancerGenome: not present;CancerHotspot: no;3DHotspot: no","MutationAssessor: NA;SIFT: NA;Polyphen-2: NA","Silent","SNP",NA,NA,NA,"chr19",11145691,11145691,"C","TRUE","chr19:g.11145691C>T","ENST00000358026.2:c.4053C>T",NA,NA,NA,NA,NA,NA,"29/36",NA,"Benign",NA,NA
"SWZ1","Cholangiocarcinoma","D1351=","OncoKB: Unknown, level NA, resistance NA;CIViC: NA;MyCancerGenome: not present;CancerHotspot: no;3DHotspot: no","MutationAssessor: NA;SIFT: NA;Polyphen-2: NA","Silent","SNP",NA,NA,NA,"chr19",11145691,11145691,"C","TRUE","chr19:g.11145691C>T","ENST00000358026.2:c.4053C>T",NA,NA,NA,NA,NA,NA,"29/36",NA,"Benign",NA,NA
"WFS","Cholangiocarcinoma","D1351=","OncoKB: Unknown, level NA, resistance NA;CIViC: NA;MyCancerGenome: not present;CancerHotspot: no;3DHotspot: no","MutationAssessor: NA;SIFT: NA;Polyphen-2: NA","Silent","SNP",NA,NA,NA,"chr19",11145691,11145691,"C","TRUE","chr19:g.11145691C>T","ENST00000358026.2:c.4053C>T",NA,NA,NA,NA,NA,NA,"29/36",NA,"Benign",NA,NA
"BYF2","Gallbladder","X307_splice","OncoKB: Likely Oncogenic, level NA, resistance NA;CIViC: NA;MyCancerGenome: not present;CancerHotspot: yes;3DHotspot: no","MutationAssessor: NA;SIFT: NA;Polyphen-2: NA","Splice_Region","SNP",NA,NA,NA,"chr19",1222012,1222012,"G","C","chr19:g.1222012G>C","ENST00000326873.7:c.920+7G>C",NA,NA,NA,NA,NA,NA,NA,NA,"Benign",NA,NA
"CHG2","Gallbladder","X307_splice","OncoKB: Likely Oncogenic, level NA, resistance NA;CIViC: NA;MyCancerGenome: not present;CancerHotspot: yes;3DHotspot: no","MutationAssessor: NA;SIFT: NA;Polyphen-2: NA","Splice_Region","SNP",NA,NA,NA,"chr19",1222012,1222012,"G","C","chr19:g.1222012G>C","ENST00000326873.7:c.920+7G>C",NA,NA,NA,NA,NA,NA,NA,NA,"Benign",NA,NA
"CLYGG1","Gallbladder","X307_splice","OncoKB: Likely Oncogenic, level NA, resistance NA;CIViC: NA;MyCancerGenome: not present;CancerHotspot: yes;3DHotspot: no","MutationAssessor: NA;SIFT: NA;Polyphen-2: NA","Splice_Region","SNP",NA,NA,NA,"chr19",1222012,1222012,"G","C","chr19:g.1222012G>C","ENST00000326873.7:c.920+7G>C",NA,NA,NA,NA,NA,NA,NA,NA,"Benign",NA,NA
"WJX2","Gallbladder","X307_splice","OncoKB: Likely Oncogenic, level NA, resistance NA;CIViC: NA;MyCancerGenome: not present;CancerHotspot: yes;3DHotspot: no","MutationAssessor: NA;SIFT: NA;Polyphen-2: NA","Splice_Region","SNP",NA,NA,NA,"chr19",1222012,1222012,"G","C","chr19:g.1222012G>C","ENST00000326873.7:c.920+7G>C",NA,NA,NA,NA,NA,NA,NA,NA,"Benign",NA,NA
"LLY1","Cholangiocarcinoma","X307_splice","OncoKB: Likely Oncogenic, level NA, resistance NA;CIViC: NA;MyCancerGenome: not present;CancerHotspot: yes;3DHotspot: no","MutationAssessor: NA;SIFT: NA;Polyphen-2: NA","Splice_Region","SNP",NA,NA,NA,"chr19",1222012,1222012,"G","C","chr19:g.1222012G>C","ENST00000326873.7:c.920+7G>C",NA,NA,NA,NA,NA,NA,NA,NA,"Benign",NA,NA
"LLY2","Cholangiocarcinoma","X307_splice","OncoKB: Likely Oncogenic, level NA, resistance NA;CIViC: NA;MyCancerGenome: not present;CancerHotspot: yes;3DHotspot: no","MutationAssessor: NA;SIFT: NA;Polyphen-2: NA","Splice_Region","SNP",NA,NA,NA,"chr19",1222012,1222012,"G","C","chr19:g.1222012G>C","ENST00000326873.7:c.920+7G>C",NA,NA,NA,NA,NA,NA,NA,NA,"Benign",NA,NA
"QFF1","Cholangiocarcinoma","X307_splice","OncoKB: Likely Oncogenic, level NA, resistance NA;CIViC: NA;MyCancerGenome: not present;CancerHotspot: yes;3DHotspot: no","MutationAssessor: NA;SIFT: NA;Polyphen-2: NA","Splice_Region","SNP",NA,NA,NA,"chr19",1222012,1222012,"G","C","chr19:g.1222012G>C","ENST00000326873.7:c.920+7G>C",NA,NA,NA,NA,NA,NA,NA,NA,"Benign",NA,NA
"QFF2","Cholangiocarcinoma","X307_splice","OncoKB: Likely Oncogenic, level NA, resistance NA;CIViC: NA;MyCancerGenome: not present;CancerHotspot: yes;3DHotspot: no","MutationAssessor: NA;SIFT: NA;Polyphen-2: NA","Splice_Region","SNP",NA,NA,NA,"chr19",1222012,1222012,"G","C","chr19:g.1222012G>C","ENST00000326873.7:c.920+7G>C",NA,NA,NA,NA,NA,NA,NA,NA,"Benign",NA,NA
"ZH1","Cholangiocarcinoma","X307_splice","OncoKB: Likely Oncogenic, level NA, resistance NA;CIViC: NA;MyCancerGenome: not present;CancerHotspot: yes;3DHotspot: no","MutationAssessor: NA;SIFT: NA;Polyphen-2: NA","Splice_Region","SNP",NA,NA,NA,"chr19",1222012,1222012,"G","C","chr19:g.1222012G>C","ENST00000326873.7:c.920+7G>C",NA,NA,NA,NA,NA,NA,NA,NA,"Benign",NA,NA
"SMH","Cholangiocarcinoma","X307_splice","OncoKB: Likely Oncogenic, level NA, resistance NA;CIViC: NA;MyCancerGenome: not present;CancerHotspot: yes;3DHotspot: no","MutationAssessor: NA;SIFT: NA;Polyphen-2: NA","Splice_Region","SNP",NA,NA,NA,"chr19",1222012,1222012,"G","C","chr19:g.1222012G>C","ENST00000326873.7:c.920+7G>C",NA,NA,NA,NA,NA,NA,NA,NA,"Benign",NA,NA
"XQY","Cholangiocarcinoma","X307_splice","OncoKB: Likely Oncogenic, level NA, resistance NA;CIViC: NA;MyCancerGenome: not present;CancerHotspot: yes;3DHotspot: no","MutationAssessor: NA;SIFT: NA;Polyphen-2: NA","Splice_Region","SNP",NA,NA,NA,"chr19",1222012,1222012,"G","C","chr19:g.1222012G>C","ENST00000326873.7:c.920+7G>C",NA,NA,NA,NA,NA,NA,NA,NA,"Benign",NA,NA
"WLF1","Gallbladder","X370_splice","OncoKB: Likely Oncogenic, level NA, resistance NA;CIViC: NA;MyCancerGenome: not present;CancerHotspot: no;3DHotspot: no","MutationAssessor: NA;SIFT: NA;Polyphen-2: NA","Splice_Region","SNP",NA,NA,NA,"chr19",1223179,1223179,"T","G","chr19:g.1223179T>G","ENST00000326873.7:c.1108+8T>G",NA,NA,NA,NA,NA,NA,NA,NA,"",NA,NA
"CLY1","Cholangiocarcinoma","X370_splice","OncoKB: Likely Oncogenic, level NA, resistance NA;CIViC: NA;MyCancerGenome: not present;CancerHotspot: no;3DHotspot: no","MutationAssessor: NA;SIFT: NA;Polyphen-2: NA","Splice_Region","SNP",NA,NA,NA,"chr19",1223177,1223177,"T","C","chr19:g.1223177T>C","ENST00000326873.7:c.1108+6T>C",NA,NA,NA,NA,NA,NA,NA,NA,"Uncertain_significance",NA,NA
"BYF2","Gallbladder","X1120_splice","OncoKB: Unknown, level NA, resistance NA;CIViC: NA;MyCancerGenome: not present;CancerHotspot: no;3DHotspot: no","MutationAssessor: NA;SIFT: NA;Polyphen-2: NA","Splice_Region","SNP",NA,NA,NA,"chr2",29446202,29446202,"G","A","chr2:g.29446202G>A","ENST00000389048.3:c.3359+6C>T",NA,NA,NA,NA,NA,NA,NA,NA,"Benign",NA,NA
"NDX2","Gallbladder","X1120_splice","OncoKB: Unknown, level NA, resistance NA;CIViC: NA;MyCancerGenome: not present;CancerHotspot: no;3DHotspot: no","MutationAssessor: NA;SIFT: NA;Polyphen-2: NA","Splice_Region","SNP",NA,NA,NA,"chr2",29446202,29446202,"G","A","chr2:g.29446202G>A","ENST00000389048.3:c.3359+6C>T",NA,NA,NA,NA,NA,NA,NA,NA,"Benign",NA,NA
"WLD1","Gallbladder","X1313_splice","OncoKB: Unknown, level NA, resistance NA;CIViC: NA;MyCancerGenome: not present;CancerHotspot: no;3DHotspot: no","MutationAssessor: NA;SIFT: NA;Polyphen-2: NA","Splice_Region","SNP",NA,NA,NA,"chr2",29420550,29420550,"T","C","chr2:g.29420550T>C","ENST00000389048.3:c.3939-8A>G",NA,NA,NA,NA,NA,NA,NA,NA,"Benign/Likely_benign",NA,0.0019
"WSZ2","Gallbladder","X1120_splice","OncoKB: Unknown, level NA, resistance NA;CIViC: NA;MyCancerGenome: not present;CancerHotspot: no;3DHotspot: no","MutationAssessor: NA;SIFT: NA;Polyphen-2: NA","Splice_Region","SNP",NA,NA,NA,"chr2",29446202,29446202,"G","A","chr2:g.29446202G>A","ENST00000389048.3:c.3359+6C>T",NA,NA,NA,NA,NA,NA,NA,NA,"Benign",NA,NA
"WZL2","Gallbladder","X1120_splice","OncoKB: Unknown, level NA, resistance NA;CIViC: NA;MyCancerGenome: not present;CancerHotspot: no;3DHotspot: no","MutationAssessor: NA;SIFT: NA;Polyphen-2: NA","Splice_Region","SNP",NA,NA,NA,"chr2",29446202,29446202,"G","A","chr2:g.29446202G>A","ENST00000389048.3:c.3359+6C>T",NA,NA,NA,NA,NA,NA,NA,NA,"Benign",NA,NA
"NZM","Gallbladder","X1120_splice","OncoKB: Unknown, level NA, resistance NA;CIViC: NA;MyCancerGenome: not present;CancerHotspot: no;3DHotspot: no","MutationAssessor: NA;SIFT: NA;Polyphen-2: NA","Splice_Region","SNP",NA,NA,NA,"chr2",29446202,29446202,"G","A","chr2:g.29446202G>A","ENST00000389048.3:c.3359+6C>T",NA,NA,NA,NA,NA,NA,NA,NA,"Benign",NA,NA
"BYF2","Gallbladder","X2463_splice","OncoKB: NA;CIViC: NA;MyCancerGenome: not present;CancerHotspot: no;3DHotspot: no","MutationAssessor: NA;SIFT: NA;Polyphen-2: NA","Splice_Region","SNP",NA,NA,NA,"chr2",141298674,141298674,"T","C","chr2:g.141298674T>C","ENST00000389484.3:c.7388-7A>G",NA,NA,NA,NA,NA,NA,NA,NA,NA,NA,NA
"CHG2","Gallbladder","X2463_splice","OncoKB: NA;CIViC: NA;MyCancerGenome: not present;CancerHotspot: no;3DHotspot: no","MutationAssessor: NA;SIFT: NA;Polyphen-2: NA","Splice_Region","SNP",NA,NA,NA,"chr2",141298674,141298674,"T","C","chr2:g.141298674T>C","ENST00000389484.3:c.7388-7A>G",NA,NA,NA,NA,NA,NA,NA,NA,NA,NA,NA
"CLYGG1","Gallbladder","X2463_splice","OncoKB: NA;CIViC: NA;MyCancerGenome: not present;CancerHotspot: no;3DHotspot: no","MutationAssessor: NA;SIFT: NA;Polyphen-2: NA","Splice_Region","SNP",NA,NA,NA,"chr2",141298674,141298674,"T","C","chr2:g.141298674T>C","ENST00000389484.3:c.7388-7A>G",NA,NA,NA,NA,NA,NA,NA,NA,NA,NA,NA
"FCY2","Gallbladder","X2463_splice","OncoKB: NA;CIViC: NA;MyCancerGenome: not present;CancerHotspot: no;3DHotspot: no","MutationAssessor: NA;SIFT: NA;Polyphen-2: NA","Splice_Region","SNP",NA,NA,NA,"chr2",141298674,141298674,"T","C","chr2:g.141298674T>C","ENST00000389484.3:c.7388-7A>G",NA,NA,NA,NA,NA,NA,NA,NA,NA,NA,NA
"WJX2","Gallbladder","X2463_splice","OncoKB: NA;CIViC: NA;MyCancerGenome: not present;CancerHotspot: no;3DHotspot: no","MutationAssessor: NA;SIFT: NA;Polyphen-2: NA","Splice_Region","SNP",NA,NA,NA,"chr2",141298674,141298674,"T","C","chr2:g.141298674T>C","ENST00000389484.3:c.7388-7A>G",NA,NA,NA,NA,NA,NA,NA,NA,NA,NA,NA
"WLF2","Gallbladder","X1445_splice","OncoKB: NA;CIViC: NA;MyCancerGenome: not present;CancerHotspot: no;3DHotspot: no","MutationAssessor: NA;SIFT: NA;Polyphen-2: NA","Splice_Region","SNP",NA,NA,NA,"chr2",141625410,141625410,"A","C","chr2:g.141625410A>C","ENST00000389484.3:c.4335-7T>G",NA,NA,NA,NA,NA,NA,NA,NA,NA,NA,NA
"WSZ1","Gallbladder","X1445_splice","OncoKB: NA;CIViC: NA;MyCancerGenome: not present;CancerHotspot: no;3DHotspot: no","MutationAssessor: NA;SIFT: NA;Polyphen-2: NA","Splice_Region","SNP",NA,NA,NA,"chr2",141625410,141625410,"A","C","chr2:g.141625410A>C","ENST00000389484.3:c.4335-7T>G",NA,NA,NA,NA,NA,NA,NA,NA,NA,NA,NA
"WSZ2","Gallbladder","X2463_splice","OncoKB: NA;CIViC: NA;MyCancerGenome: not present;CancerHotspot: no;3DHotspot: no","MutationAssessor: NA;SIFT: NA;Polyphen-2: NA","Splice_Region","SNP",NA,NA,NA,"chr2",141298674,141298674,"T","C","chr2:g.141298674T>C","ENST00000389484.3:c.7388-7A>G",NA,NA,NA,NA,NA,NA,NA,NA,NA,NA,NA
"WWP1","Gallbladder","X1876_splice","OncoKB: NA;CIViC: NA;MyCancerGenome: not present;CancerHotspot: no;3DHotspot: no","MutationAssessor: NA;SIFT: NA;Polyphen-2: NA","Splice_Region","SNP",NA,NA,NA,"chr2",141528443,141528443,"C","T","chr2:g.141528443C>T","ENST00000389484.3:c.5626+7G>A",NA,NA,NA,NA,NA,NA,NA,NA,NA,NA,NA
"YLG1","Gallbladder","X2463_splice","OncoKB: NA;CIViC: NA;MyCancerGenome: not present;CancerHotspot: no;3DHotspot: no","MutationAssessor: NA;SIFT: NA;Polyphen-2: NA","Splice_Region","SNP",NA,NA,NA,"chr2",141298674,141298674,"T","C","chr2:g.141298674T>C","ENST00000389484.3:c.7388-7A>G",NA,NA,NA,NA,NA,NA,NA,NA,NA,NA,NA
"YRX1","Gallbladder","X2463_splice","OncoKB: NA;CIViC: NA;MyCancerGenome: not present;CancerHotspot: no;3DHotspot: no","MutationAssessor: NA;SIFT: NA;Polyphen-2: NA","Splice_Region","SNP",NA,NA,NA,"chr2",141298674,141298674,"T","C","chr2:g.141298674T>C","ENST00000389484.3:c.7388-7A>G",NA,NA,NA,NA,NA,NA,NA,NA,NA,NA,NA
"ZMF1","Gallbladder","X2463_splice","OncoKB: NA;CIViC: NA;MyCancerGenome: not present;CancerHotspot: no;3DHotspot: no","MutationAssessor: NA;SIFT: NA;Polyphen-2: NA","Splice_Region","SNP",NA,NA,NA,"chr2",141298674,141298674,"T","C","chr2:g.141298674T>C","ENST00000389484.3:c.7388-7A>G",NA,NA,NA,NA,NA,NA,NA,NA,NA,NA,NA
"ZMF2","Gallbladder","X2463_splice","OncoKB: NA;CIViC: NA;MyCancerGenome: not present;CancerHotspot: no;3DHotspot: no","MutationAssessor: NA;SIFT: NA;Polyphen-2: NA","Splice_Region","SNP",NA,NA,NA,"chr2",141298674,141298674,"T","C","chr2:g.141298674T>C","ENST00000389484.3:c.7388-7A>G",NA,NA,NA,NA,NA,NA,NA,NA,NA,NA,NA
"NZM","Gallbladder","X1445_splice","OncoKB: NA;CIViC: NA;MyCancerGenome: not present;CancerHotspot: no;3DHotspot: no","MutationAssessor: NA;SIFT: NA;Polyphen-2: NA","Splice_Region","SNP",NA,NA,NA,"chr2",141625410,141625410,"A","C","chr2:g.141625410A>C","ENST00000389484.3:c.4335-7T>G",NA,NA,NA,NA,NA,NA,NA,NA,NA,NA,NA
"DFY1","Cholangiocarcinoma","X3799_splice","OncoKB: NA;CIViC: NA;MyCancerGenome: not present;CancerHotspot: no;3DHotspot: no","MutationAssessor: NA;SIFT: NA;Polyphen-2: NA","Splice_Region","SNP",NA,NA,NA,"chr2",141115543,141115543,"C","T","chr2:g.141115543C>T","ENST00000389484.3:c.11395+5G>A",NA,NA,NA,NA,NA,NA,NA,NA,NA,NA,NA
"DFY1","Cholangiocarcinoma","X2463_splice","OncoKB: NA;CIViC: NA;MyCancerGenome: not present;CancerHotspot: no;3DHotspot: no","MutationAssessor: NA;SIFT: NA;Polyphen-2: NA","Splice_Region","SNP",NA,NA,NA,"chr2",141298674,141298674,"T","C","chr2:g.141298674T>C","ENST00000389484.3:c.7388-7A>G",NA,NA,NA,NA,NA,NA,NA,NA,NA,NA,NA
"YHX1","Cholangiocarcinoma","X2463_splice","OncoKB: NA;CIViC: NA;MyCancerGenome: not present;CancerHotspot: no;3DHotspot: no","MutationAssessor: NA;SIFT: NA;Polyphen-2: NA","Splice_Region","SNP",NA,NA,NA,"chr2",141298674,141298674,"T","C","chr2:g.141298674T>C","ENST00000389484.3:c.7388-7A>G",NA,NA,NA,NA,NA,NA,NA,NA,NA,NA,NA
"TBX","Cholangiocarcinoma","X2463_splice","OncoKB: NA;CIViC: NA;MyCancerGenome: not present;CancerHotspot: no;3DHotspot: no","MutationAssessor: NA;SIFT: NA;Polyphen-2: NA","Splice_Region","SNP",NA,NA,NA,"chr2",141298674,141298674,"T","C","chr2:g.141298674T>C","ENST00000389484.3:c.7388-7A>G",NA,NA,NA,NA,NA,NA,NA,NA,NA,NA,NA
"BYF2","Gallbladder",NA,"OncoKB: NA;CIViC: NA;MyCancerGenome: not present;CancerHotspot: no;3DHotspot: no","MutationAssessor: NA;SIFT: NA;Polyphen-2: NA","3'UTR","SNP",NA,NA,NA,"chr3",59737948,59737948,"TRUE","C","chr3:g.59737948T>C","ENST00000468189.1:c.*4A>G",NA,NA,NA,NA,NA,NA,"9/9",NA,NA,NA,NA
"CHG1","Gallbladder",NA,"OncoKB: NA;CIViC: NA;MyCancerGenome: not present;CancerHotspot: no;3DHotspot: no","MutationAssessor: NA;SIFT: NA;Polyphen-2: NA","3'UTR","SNP",NA,NA,NA,"chr3",59737948,59737948,"TRUE","C","chr3:g.59737948T>C","ENST00000468189.1:c.*4A>G",NA,NA,NA,NA,NA,NA,"9/9",NA,NA,NA,NA
"NSL","Gallbladder",NA,"OncoKB: NA;CIViC: NA;MyCancerGenome: not present;CancerHotspot: no;3DHotspot: no","MutationAssessor: NA;SIFT: NA;Polyphen-2: NA","3'UTR","SNP",NA,NA,NA,"chr3",59737948,59737948,"TRUE","C","chr3:g.59737948T>C","ENST00000468189.1:c.*4A>G",NA,NA,NA,NA,NA,NA,"9/9",NA,NA,NA,NA
"WAL","Gallbladder",NA,"OncoKB: NA;CIViC: NA;MyCancerGenome: not present;CancerHotspot: no;3DHotspot: no","MutationAssessor: NA;SIFT: NA;Polyphen-2: NA","3'UTR","SNP",NA,NA,NA,"chr3",59737948,59737948,"TRUE","C","chr3:g.59737948T>C","ENST00000468189.1:c.*4A>G",NA,NA,NA,NA,NA,NA,"9/9",NA,NA,NA,NA
"DFY1","Cholangiocarcinoma",NA,"OncoKB: NA;CIViC: NA;MyCancerGenome: not present;CancerHotspot: no;3DHotspot: no","MutationAssessor: NA;SIFT: NA;Polyphen-2: NA","3'UTR","SNP",NA,NA,NA,"chr3",59737948,59737948,"TRUE","C","chr3:g.59737948T>C","ENST00000468189.1:c.*4A>G",NA,NA,NA,NA,NA,NA,"9/9",NA,NA,NA,NA
"LXF2","Cholangiocarcinoma",NA,"OncoKB: NA;CIViC: NA;MyCancerGenome: not present;CancerHotspot: no;3DHotspot: no","MutationAssessor: NA;SIFT: NA;Polyphen-2: NA","3'UTR","SNP",NA,NA,NA,"chr3",59737948,59737948,"TRUE","C","chr3:g.59737948T>C","ENST00000468189.1:c.*4A>G",NA,NA,NA,NA,NA,NA,"9/9",NA,NA,NA,NA
"BYF2","Gallbladder","X542_splice","OncoKB: Unknown, level NA, resistance NA;CIViC: NA;MyCancerGenome: not present;CancerHotspot: no;3DHotspot: no","MutationAssessor: NA;SIFT: NA;Polyphen-2: NA","Splice_Region","SNP",NA,NA,NA,"chr5",149447771,149447771,"G","A","chr5:g.149447771G>A","ENST00000286301.3:c.1626+7C>T",NA,NA,NA,NA,NA,NA,NA,NA,"Benign",NA,NA
"NDX2","Gallbladder","X542_splice","OncoKB: Unknown, level NA, resistance NA;CIViC: NA;MyCancerGenome: not present;CancerHotspot: no;3DHotspot: no","MutationAssessor: NA;SIFT: NA;Polyphen-2: NA","Splice_Region","SNP",NA,NA,NA,"chr5",149447771,149447771,"G","A","chr5:g.149447771G>A","ENST00000286301.3:c.1626+7C>T",NA,NA,NA,NA,NA,NA,NA,NA,"Benign",NA,NA
"WZL1","Gallbladder","X542_splice","OncoKB: Unknown, level NA, resistance NA;CIViC: NA;MyCancerGenome: not present;CancerHotspot: no;3DHotspot: no","MutationAssessor: NA;SIFT: NA;Polyphen-2: NA","Splice_Region","SNP",NA,NA,NA,"chr5",149447771,149447771,"G","A","chr5:g.149447771G>A","ENST00000286301.3:c.1626+7C>T",NA,NA,NA,NA,NA,NA,NA,NA,"Benign",NA,NA
"WZL2","Gallbladder","X542_splice","OncoKB: Unknown, level NA, resistance NA;CIViC: NA;MyCancerGenome: not present;CancerHotspot: no;3DHotspot: no","MutationAssessor: NA;SIFT: NA;Polyphen-2: NA","Splice_Region","SNP",NA,NA,NA,"chr5",149447771,149447771,"G","A","chr5:g.149447771G>A","ENST00000286301.3:c.1626+7C>T",NA,NA,NA,NA,NA,NA,NA,NA,"Benign",NA,NA
"GSG","Gallbladder","X542_splice","OncoKB: Unknown, level NA, resistance NA;CIViC: NA;MyCancerGenome: not present;CancerHotspot: no;3DHotspot: no","MutationAssessor: NA;SIFT: NA;Polyphen-2: NA","Splice_Region","SNP",NA,NA,NA,"chr5",149447771,149447771,"G","A","chr5:g.149447771G>A","ENST00000286301.3:c.1626+7C>T",NA,NA,NA,NA,NA,NA,NA,NA,"Benign",NA,NA
"JPY","Gallbladder","X542_splice","OncoKB: Unknown, level NA, resistance NA;CIViC: NA;MyCancerGenome: not present;CancerHotspot: no;3DHotspot: no","MutationAssessor: NA;SIFT: NA;Polyphen-2: NA","Splice_Region","SNP",NA,NA,NA,"chr5",149447771,149447771,"G","A","chr5:g.149447771G>A","ENST00000286301.3:c.1626+7C>T",NA,NA,NA,NA,NA,NA,NA,NA,"Benign",NA,NA
"LJ","Gallbladder","X542_splice","OncoKB: Unknown, level NA, resistance NA;CIViC: NA;MyCancerGenome: not present;CancerHotspot: no;3DHotspot: no","MutationAssessor: NA;SIFT: NA;Polyphen-2: NA","Splice_Region","SNP",NA,NA,NA,"chr5",149447771,149447771,"G","A","chr5:g.149447771G>A","ENST00000286301.3:c.1626+7C>T",NA,NA,NA,NA,NA,NA,NA,NA,"Benign",NA,NA
"DFY1","Cholangiocarcinoma","X542_splice","OncoKB: Unknown, level NA, resistance NA;CIViC: NA;MyCancerGenome: not present;CancerHotspot: no;3DHotspot: no","MutationAssessor: NA;SIFT: NA;Polyphen-2: NA","Splice_Region","SNP",NA,NA,NA,"chr5",149447771,149447771,"G","A","chr5:g.149447771G>A","ENST00000286301.3:c.1626+7C>T",NA,NA,NA,NA,NA,NA,NA,NA,"Benign",NA,NA
"SZW","Cholangiocarcinoma","X542_splice","OncoKB: Unknown, level NA, resistance NA;CIViC: NA;MyCancerGenome: not present;CancerHotspot: no;3DHotspot: no","MutationAssessor: NA;SIFT: NA;Polyphen-2: NA","Splice_Region","SNP",NA,NA,NA,"chr5",149447771,149447771,"G","A","chr5:g.149447771G>A","ENST00000286301.3:c.1626+7C>T",NA,NA,NA,NA,NA,NA,NA,NA,"Benign",NA,NA
"BYF2","Gallbladder","X1981_splice","OncoKB: Unknown, level NA, resistance NA;CIViC: NA;MyCancerGenome: not present;CancerHotspot: no;3DHotspot: no","MutationAssessor: NA;SIFT: NA;Polyphen-2: NA","Splice_Region","SNP",NA,NA,NA,"chr6",117639419,117639419,"T","C","chr6:g.117639419T>C","ENST00000368508.3:c.5941-4A>G",NA,NA,NA,NA,NA,NA,NA,NA,"",NA,NA
"CHG2","Gallbladder","X1981_splice","OncoKB: Unknown, level NA, resistance NA;CIViC: NA;MyCancerGenome: not present;CancerHotspot: no;3DHotspot: no","MutationAssessor: NA;SIFT: NA;Polyphen-2: NA","Splice_Region","SNP",NA,NA,NA,"chr6",117639419,117639419,"T","C","chr6:g.117639419T>C","ENST00000368508.3:c.5941-4A>G",NA,NA,NA,NA,NA,NA,NA,NA,"",NA,NA
"SCL2","Gallbladder","X286_splice","OncoKB: Unknown, level NA, resistance NA;CIViC: NA;MyCancerGenome: not present;CancerHotspot: no;3DHotspot: no","MutationAssessor: NA;SIFT: NA;Polyphen-2: NA","Splice_Region","SNP",NA,NA,NA,"chr6",117717348,117717348,"T","C","chr6:g.117717348T>C","ENST00000368508.3:c.856+3A>G",NA,NA,NA,NA,NA,NA,NA,NA,"Benign",NA,0.0033
"WJX1","Gallbladder","X1285_splice","OncoKB: Unknown, level NA, resistance NA;CIViC: NA;MyCancerGenome: not present;CancerHotspot: no;3DHotspot: no","MutationAssessor: NA;SIFT: NA;Polyphen-2: NA","Splice_Region","SNP",NA,NA,NA,"chr6",117678083,117678083,"A","G","chr6:g.117678083A>G","ENST00000368508.3:c.3855-5T>C",NA,NA,NA,NA,NA,NA,NA,NA,"",NA,NA
"WJX2","Gallbladder","X1285_splice","OncoKB: Unknown, level NA, resistance NA;CIViC: NA;MyCancerGenome: not present;CancerHotspot: no;3DHotspot: no","MutationAssessor: NA;SIFT: NA;Polyphen-2: NA","Splice_Region","SNP",NA,NA,NA,"chr6",117678083,117678083,"A","G","chr6:g.117678083A>G","ENST00000368508.3:c.3855-5T>C",NA,NA,NA,NA,NA,NA,NA,NA,"",NA,NA
"WSZ1","Gallbladder","X1285_splice","OncoKB: Unknown, level NA, resistance NA;CIViC: NA;MyCancerGenome: not present;CancerHotspot: no;3DHotspot: no","MutationAssessor: NA;SIFT: NA;Polyphen-2: NA","Splice_Region","SNP",NA,NA,NA,"chr6",117678083,117678083,"A","G","chr6:g.117678083A>G","ENST00000368508.3:c.3855-5T>C",NA,NA,NA,NA,NA,NA,NA,NA,"",NA,NA
"WSZ2","Gallbladder","X1981_splice","OncoKB: Unknown, level NA, resistance NA;CIViC: NA;MyCancerGenome: not present;CancerHotspot: no;3DHotspot: no","MutationAssessor: NA;SIFT: NA;Polyphen-2: NA","Splice_Region","SNP",NA,NA,NA,"chr6",117639419,117639419,"T","C","chr6:g.117639419T>C","ENST00000368508.3:c.5941-4A>G",NA,NA,NA,NA,NA,NA,NA,NA,"",NA,NA
"WSZ2","Gallbladder","X1926_splice","OncoKB: Unknown, level NA, resistance NA;CIViC: NA;MyCancerGenome: not present;CancerHotspot: no;3DHotspot: no","MutationAssessor: NA;SIFT: NA;Polyphen-2: NA","Splice_Region","SNP",NA,NA,NA,"chr6",117642418,117642418,"A","C","chr6:g.117642418A>C","ENST00000368508.3:c.5777+4T>G",NA,NA,NA,NA,NA,NA,NA,NA,"",NA,NA
"WSZ2","Gallbladder","X1285_splice","OncoKB: Unknown, level NA, resistance NA;CIViC: NA;MyCancerGenome: not present;CancerHotspot: no;3DHotspot: no","MutationAssessor: NA;SIFT: NA;Polyphen-2: NA","Splice_Region","SNP",NA,NA,NA,"chr6",117678083,117678083,"A","G","chr6:g.117678083A>G","ENST00000368508.3:c.3855-5T>C",NA,NA,NA,NA,NA,NA,NA,NA,"",NA,NA
"WWP1","Gallbladder","X1926_splice","OncoKB: Unknown, level NA, resistance NA;CIViC: NA;MyCancerGenome: not present;CancerHotspot: no;3DHotspot: no","MutationAssessor: NA;SIFT: NA;Polyphen-2: NA","Splice_Region","SNP",NA,NA,NA,"chr6",117642418,117642418,"A","C","chr6:g.117642418A>C","ENST00000368508.3:c.5777+4T>G",NA,NA,NA,NA,NA,NA,NA,NA,"",NA,NA
"WZL2","Gallbladder","X1926_splice","OncoKB: Unknown, level NA, resistance NA;CIViC: NA;MyCancerGenome: not present;CancerHotspot: no;3DHotspot: no","MutationAssessor: NA;SIFT: NA;Polyphen-2: NA","Splice_Region","SNP",NA,NA,NA,"chr6",117642418,117642418,"A","C","chr6:g.117642418A>C","ENST00000368508.3:c.5777+4T>G",NA,NA,NA,NA,NA,NA,NA,NA,"",NA,NA
"WZL2","Gallbladder","X1285_splice","OncoKB: Unknown, level NA, resistance NA;CIViC: NA;MyCancerGenome: not present;CancerHotspot: no;3DHotspot: no","MutationAssessor: NA;SIFT: NA;Polyphen-2: NA","Splice_Region","SNP",NA,NA,NA,"chr6",117678083,117678083,"A","G","chr6:g.117678083A>G","ENST00000368508.3:c.3855-5T>C",NA,NA,NA,NA,NA,NA,NA,NA,"",NA,NA
"YLG1","Gallbladder","X1981_splice","OncoKB: Unknown, level NA, resistance NA;CIViC: NA;MyCancerGenome: not present;CancerHotspot: no;3DHotspot: no","MutationAssessor: NA;SIFT: NA;Polyphen-2: NA","Splice_Region","SNP",NA,NA,NA,"chr6",117639419,117639419,"T","C","chr6:g.117639419T>C","ENST00000368508.3:c.5941-4A>G",NA,NA,NA,NA,NA,NA,NA,NA,"",NA,NA
"YRX1","Gallbladder","X286_splice","OncoKB: Unknown, level NA, resistance NA;CIViC: NA;MyCancerGenome: not present;CancerHotspot: no;3DHotspot: no","MutationAssessor: NA;SIFT: NA;Polyphen-2: NA","Splice_Region","SNP",NA,NA,NA,"chr6",117717348,117717348,"T","C","chr6:g.117717348T>C","ENST00000368508.3:c.856+3A>G",NA,NA,NA,NA,NA,NA,NA,NA,"Benign",NA,0.0033
"GSG","Gallbladder","X1285_splice","OncoKB: Unknown, level NA, resistance NA;CIViC: NA;MyCancerGenome: not present;CancerHotspot: no;3DHotspot: no","MutationAssessor: NA;SIFT: NA;Polyphen-2: NA","Splice_Region","SNP",NA,NA,NA,"chr6",117678083,117678083,"A","G","chr6:g.117678083A>G","ENST00000368508.3:c.3855-5T>C",NA,NA,NA,NA,NA,NA,NA,NA,"",NA,NA
"LJ","Gallbladder","X1285_splice","OncoKB: Unknown, level NA, resistance NA;CIViC: NA;MyCancerGenome: not present;CancerHotspot: no;3DHotspot: no","MutationAssessor: NA;SIFT: NA;Polyphen-2: NA","Splice_Region","SNP",NA,NA,NA,"chr6",117678083,117678083,"A","G","chr6:g.117678083A>G","ENST00000368508.3:c.3855-5T>C",NA,NA,NA,NA,NA,NA,NA,NA,"",NA,NA
"NZM","Gallbladder","X1926_splice","OncoKB: Unknown, level NA, resistance NA;CIViC: NA;MyCancerGenome: not present;CancerHotspot: no;3DHotspot: no","MutationAssessor: NA;SIFT: NA;Polyphen-2: NA","Splice_Region","SNP",NA,NA,NA,"chr6",117642418,117642418,"A","C","chr6:g.117642418A>C","ENST00000368508.3:c.5777+4T>G",NA,NA,NA,NA,NA,NA,NA,NA,"",NA,NA
"SWZ1","Cholangiocarcinoma","X1285_splice","OncoKB: Unknown, level NA, resistance NA;CIViC: NA;MyCancerGenome: not present;CancerHotspot: no;3DHotspot: no","MutationAssessor: NA;SIFT: NA;Polyphen-2: NA","Splice_Region","SNP",NA,NA,NA,"chr6",117678083,117678083,"A","G","chr6:g.117678083A>G","ENST00000368508.3:c.3855-5T>C",NA,NA,NA,NA,NA,NA,NA,NA,"",NA,NA
"SZW","Cholangiocarcinoma","X1285_splice","OncoKB: Unknown, level NA, resistance NA;CIViC: NA;MyCancerGenome: not present;CancerHotspot: no;3DHotspot: no","MutationAssessor: NA;SIFT: NA;Polyphen-2: NA","Splice_Region","SNP",NA,NA,NA,"chr6",117678083,117678083,"A","G","chr6:g.117678083A>G","ENST00000368508.3:c.3855-5T>C",NA,NA,NA,NA,NA,NA,NA,NA,"",NA,NA
"ZYY","Cholangiocarcinoma","X1285_splice","OncoKB: Unknown, level NA, resistance NA;CIViC: NA;MyCancerGenome: not present;CancerHotspot: no;3DHotspot: no","MutationAssessor: NA;SIFT: NA;Polyphen-2: NA","Splice_Region","SNP",NA,NA,NA,"chr6",117678083,117678083,"A","G","chr6:g.117678083A>G","ENST00000368508.3:c.3855-5T>C",NA,NA,NA,NA,NA,NA,NA,NA,"",NA,NA
"ZCM2","Cholangiocarcinoma","X1066_splice","OncoKB: Likely Oncogenic, level_4, resistance NA;CIViC: NA;MyCancerGenome: not present;CancerHotspot: no;3DHotspot: no","MutationAssessor: NA;SIFT: NA;Polyphen-2: NA","Splice_Region","SNP",NA,NA,NA,"chr17",29559088,29559088,"C","TRUE","chr17:g.29559088C>T","ENST00000356175.3:c.3198-3C>T",NA,NA,NA,NA,NA,NA,NA,NA,"Uncertain_significance",NA,NA
"CHG2","Gallbladder","X1066_splice","OncoKB: Likely Oncogenic, level NA, resistance NA;CIViC: NA;MyCancerGenome: not present;CancerHotspot: no;3DHotspot: no","MutationAssessor: NA;SIFT: NA;Polyphen-2: NA","Splice_Region","SNP",NA,NA,NA,"chr17",29559088,29559088,"C","TRUE","chr17:g.29559088C>T","ENST00000356175.3:c.3198-3C>T",NA,NA,NA,NA,NA,NA,NA,NA,"Uncertain_significance",NA,NA
"BYF1","Gallbladder","X1124_splice","OncoKB: Likely Oncogenic, level NA, resistance NA;CIViC: NA;MyCancerGenome: not present;CancerHotspot: no;3DHotspot: no","MutationAssessor: NA;SIFT: NA;Polyphen-2: NA","Splice_Region","SNP",NA,NA,NA,"chr16",3808052,3808052,"T","A","chr16:g.3808052T>A","ENST00000262367.5:c.3370-3A>T",NA,NA,NA,NA,NA,NA,NA,NA,"",NA,NA
"BYF2","Gallbladder","X1124_splice","OncoKB: Likely Oncogenic, level NA, resistance NA;CIViC: NA;MyCancerGenome: not present;CancerHotspot: no;3DHotspot: no","MutationAssessor: NA;SIFT: NA;Polyphen-2: NA","Splice_Region","SNP",NA,NA,NA,"chr16",3808052,3808052,"T","A","chr16:g.3808052T>A","ENST00000262367.5:c.3370-3A>T",NA,NA,NA,NA,NA,NA,NA,NA,"",NA,NA
"CHG1","Gallbladder","X1124_splice","OncoKB: Likely Oncogenic, level NA, resistance NA;CIViC: NA;MyCancerGenome: not present;CancerHotspot: no;3DHotspot: no","MutationAssessor: NA;SIFT: NA;Polyphen-2: NA","Splice_Region","SNP",NA,NA,NA,"chr16",3808052,3808052,"T","A","chr16:g.3808052T>A","ENST00000262367.5:c.3370-3A>T",NA,NA,NA,NA,NA,NA,NA,NA,"",NA,NA
"LHW2","Gallbladder","X1124_splice","OncoKB: Likely Oncogenic, level NA, resistance NA;CIViC: NA;MyCancerGenome: not present;CancerHotspot: no;3DHotspot: no","MutationAssessor: NA;SIFT: NA;Polyphen-2: NA","Splice_Region","SNP",NA,NA,NA,"chr16",3808052,3808052,"T","A","chr16:g.3808052T>A","ENST00000262367.5:c.3370-3A>T",NA,NA,NA,NA,NA,NA,NA,NA,"",NA,NA
"NDX2","Gallbladder","X1124_splice","OncoKB: Likely Oncogenic, level NA, resistance NA;CIViC: NA;MyCancerGenome: not present;CancerHotspot: no;3DHotspot: no","MutationAssessor: NA;SIFT: NA;Polyphen-2: NA","Splice_Region","SNP",NA,NA,NA,"chr16",3808052,3808052,"T","A","chr16:g.3808052T>A","ENST00000262367.5:c.3370-3A>T",NA,NA,NA,NA,NA,NA,NA,NA,"",NA,NA
"WLD1","Gallbladder","X1279_splice","OncoKB: Likely Oncogenic, level NA, resistance NA;CIViC: NA;MyCancerGenome: not present;CancerHotspot: no;3DHotspot: no","MutationAssessor: NA;SIFT: NA;Polyphen-2: NA","Splice_Region","SNP",NA,NA,NA,"chr16",3795363,3795363,"G","A","chr16:g.3795363G>A","ENST00000262367.5:c.3837-8C>T",NA,NA,NA,NA,NA,NA,NA,NA,"Benign",NA,NA
"WZL1","Gallbladder","X1279_splice","OncoKB: Likely Oncogenic, level NA, resistance NA;CIViC: NA;MyCancerGenome: not present;CancerHotspot: no;3DHotspot: no","MutationAssessor: NA;SIFT: NA;Polyphen-2: NA","Splice_Region","SNP",NA,NA,NA,"chr16",3795363,3795363,"G","A","chr16:g.3795363G>A","ENST00000262367.5:c.3837-8C>T",NA,NA,NA,NA,NA,NA,NA,NA,"Benign",NA,NA
"XSL1","Gallbladder","X1124_splice","OncoKB: Likely Oncogenic, level NA, resistance NA;CIViC: NA;MyCancerGenome: not present;CancerHotspot: no;3DHotspot: no","MutationAssessor: NA;SIFT: NA;Polyphen-2: NA","Splice_Region","SNP",NA,NA,NA,"chr16",3808052,3808052,"T","A","chr16:g.3808052T>A","ENST00000262367.5:c.3370-3A>T",NA,NA,NA,NA,NA,NA,NA,NA,"",NA,NA
"XSL2","Gallbladder","X1279_splice","OncoKB: Likely Oncogenic, level NA, resistance NA;CIViC: NA;MyCancerGenome: not present;CancerHotspot: no;3DHotspot: no","MutationAssessor: NA;SIFT: NA;Polyphen-2: NA","Splice_Region","SNP",NA,NA,NA,"chr16",3795363,3795363,"G","A","chr16:g.3795363G>A","ENST00000262367.5:c.3837-8C>T",NA,NA,NA,NA,NA,NA,NA,NA,"Benign",NA,NA
"ZHC1","Gallbladder","X1124_splice","OncoKB: Likely Oncogenic, level NA, resistance NA;CIViC: NA;MyCancerGenome: not present;CancerHotspot: no;3DHotspot: no","MutationAssessor: NA;SIFT: NA;Polyphen-2: NA","Splice_Region","SNP",NA,NA,NA,"chr16",3808052,3808052,"T","A","chr16:g.3808052T>A","ENST00000262367.5:c.3370-3A>T",NA,NA,NA,NA,NA,NA,NA,NA,"",NA,NA
"ZSJ1","Gallbladder","X1124_splice","OncoKB: Likely Oncogenic, level NA, resistance NA;CIViC: NA;MyCancerGenome: not present;CancerHotspot: no;3DHotspot: no","MutationAssessor: NA;SIFT: NA;Polyphen-2: NA","Splice_Region","SNP",NA,NA,NA,"chr16",3808052,3808052,"T","A","chr16:g.3808052T>A","ENST00000262367.5:c.3370-3A>T",NA,NA,NA,NA,NA,NA,NA,NA,"",NA,NA
"LJ","Gallbladder","X1279_splice","OncoKB: Likely Oncogenic, level NA, resistance NA;CIViC: NA;MyCancerGenome: not present;CancerHotspot: no;3DHotspot: no","MutationAssessor: NA;SIFT: NA;Polyphen-2: NA","Splice_Region","SNP",NA,NA,NA,"chr16",3795363,3795363,"G","A","chr16:g.3795363G>A","ENST00000262367.5:c.3837-8C>T",NA,NA,NA,NA,NA,NA,NA,NA,"Benign",NA,NA
"LJ","Gallbladder","X1124_splice","OncoKB: Likely Oncogenic, level NA, resistance NA;CIViC: NA;MyCancerGenome: not present;CancerHotspot: no;3DHotspot: no","MutationAssessor: NA;SIFT: NA;Polyphen-2: NA","Splice_Region","SNP",NA,NA,NA,"chr16",3808052,3808052,"T","A","chr16:g.3808052T>A","ENST00000262367.5:c.3370-3A>T",NA,NA,NA,NA,NA,NA,NA,NA,"",NA,NA
"NSL","Gallbladder","X1124_splice","OncoKB: Likely Oncogenic, level NA, resistance NA;CIViC: NA;MyCancerGenome: not present;CancerHotspot: no;3DHotspot: no","MutationAssessor: NA;SIFT: NA;Polyphen-2: NA","Splice_Region","SNP",NA,NA,NA,"chr16",3808052,3808052,"T","A","chr16:g.3808052T>A","ENST00000262367.5:c.3370-3A>T",NA,NA,NA,NA,NA,NA,NA,NA,"",NA,NA
"CLY1","Cholangiocarcinoma","X1124_splice","OncoKB: Likely Oncogenic, level NA, resistance NA;CIViC: NA;MyCancerGenome: not present;CancerHotspot: no;3DHotspot: no","MutationAssessor: NA;SIFT: NA;Polyphen-2: NA","Splice_Region","SNP",NA,NA,NA,"chr16",3808052,3808052,"T","A","chr16:g.3808052T>A","ENST00000262367.5:c.3370-3A>T",NA,NA,NA,NA,NA,NA,NA,NA,"",NA,NA
"MHF2","Cholangiocarcinoma","X1279_splice","OncoKB: Likely Oncogenic, level NA, resistance NA;CIViC: NA;MyCancerGenome: not present;CancerHotspot: no;3DHotspot: no","MutationAssessor: NA;SIFT: NA;Polyphen-2: NA","Splice_Region","SNP",NA,NA,NA,"chr16",3795363,3795363,"G","A","chr16:g.3795363G>A","ENST00000262367.5:c.3837-8C>T",NA,NA,NA,NA,NA,NA,NA,NA,"Benign",NA,NA
"QFF1","Cholangiocarcinoma","X1279_splice","OncoKB: Likely Oncogenic, level NA, resistance NA;CIViC: NA;MyCancerGenome: not present;CancerHotspot: no;3DHotspot: no","MutationAssessor: NA;SIFT: NA;Polyphen-2: NA","Splice_Region","SNP",NA,NA,NA,"chr16",3795363,3795363,"G","A","chr16:g.3795363G>A","ENST00000262367.5:c.3837-8C>T",NA,NA,NA,NA,NA,NA,NA,NA,"Benign",NA,NA
"QFF2","Cholangiocarcinoma","X1279_splice","OncoKB: Likely Oncogenic, level NA, resistance NA;CIViC: NA;MyCancerGenome: not present;CancerHotspot: no;3DHotspot: no","MutationAssessor: NA;SIFT: NA;Polyphen-2: NA","Splice_Region","SNP",NA,NA,NA,"chr16",3795363,3795363,"G","A","chr16:g.3795363G>A","ENST00000262367.5:c.3837-8C>T",NA,NA,NA,NA,NA,NA,NA,NA,"Benign",NA,NA
"QNX2","Cholangiocarcinoma","X1279_splice","OncoKB: Likely Oncogenic, level NA, resistance NA;CIViC: NA;MyCancerGenome: not present;CancerHotspot: no;3DHotspot: no","MutationAssessor: NA;SIFT: NA;Polyphen-2: NA","Splice_Region","SNP",NA,NA,NA,"chr16",3795363,3795363,"G","A","chr16:g.3795363G>A","ENST00000262367.5:c.3837-8C>T",NA,NA,NA,NA,NA,NA,NA,NA,"Benign",NA,NA
"XBX1","Cholangiocarcinoma","X1124_splice","OncoKB: Likely Oncogenic, level NA, resistance NA;CIViC: NA;MyCancerGenome: not present;CancerHotspot: no;3DHotspot: no","MutationAssessor: NA;SIFT: NA;Polyphen-2: NA","Splice_Region","SNP",NA,NA,NA,"chr16",3808052,3808052,"T","A","chr16:g.3808052T>A","ENST00000262367.5:c.3370-3A>T",NA,NA,NA,NA,NA,NA,NA,NA,"",NA,NA
"YDY1","Cholangiocarcinoma","X1124_splice","OncoKB: Likely Oncogenic, level NA, resistance NA;CIViC: NA;MyCancerGenome: not present;CancerHotspot: no;3DHotspot: no","MutationAssessor: NA;SIFT: NA;Polyphen-2: NA","Splice_Region","SNP",NA,NA,NA,"chr16",3808052,3808052,"T","A","chr16:g.3808052T>A","ENST00000262367.5:c.3370-3A>T",NA,NA,NA,NA,NA,NA,NA,NA,"",NA,NA
"YDY2","Cholangiocarcinoma","X1124_splice","OncoKB: Likely Oncogenic, level NA, resistance NA;CIViC: NA;MyCancerGenome: not present;CancerHotspot: no;3DHotspot: no","MutationAssessor: NA;SIFT: NA;Polyphen-2: NA","Splice_Region","SNP",NA,NA,NA,"chr16",3808052,3808052,"T","A","chr16:g.3808052T>A","ENST00000262367.5:c.3370-3A>T",NA,NA,NA,NA,NA,NA,NA,NA,"",NA,NA
"HHT","Cholangiocarcinoma","X1124_splice","OncoKB: Likely Oncogenic, level NA, resistance NA;CIViC: NA;MyCancerGenome: not present;CancerHotspot: no;3DHotspot: no","MutationAssessor: NA;SIFT: NA;Polyphen-2: NA","Splice_Region","SNP",NA,NA,NA,"chr16",3808052,3808052,"T","A","chr16:g.3808052T>A","ENST00000262367.5:c.3370-3A>T",NA,NA,NA,NA,NA,NA,NA,NA,"",NA,NA
"SMH","Cholangiocarcinoma","X1124_splice","OncoKB: Likely Oncogenic, level NA, resistance NA;CIViC: NA;MyCancerGenome: not present;CancerHotspot: no;3DHotspot: no","MutationAssessor: NA;SIFT: NA;Polyphen-2: NA","Splice_Region","SNP",NA,NA,NA,"chr16",3808052,3808052,"T","A","chr16:g.3808052T>A","ENST00000262367.5:c.3370-3A>T",NA,NA,NA,NA,NA,NA,NA,NA,"",NA,NA
"WFS","Cholangiocarcinoma","X1124_splice","OncoKB: Likely Oncogenic, level NA, resistance NA;CIViC: NA;MyCancerGenome: not present;CancerHotspot: no;3DHotspot: no","MutationAssessor: NA;SIFT: NA;Polyphen-2: NA","Splice_Region","SNP",NA,NA,NA,"chr16",3808052,3808052,"T","A","chr16:g.3808052T>A","ENST00000262367.5:c.3370-3A>T",NA,NA,NA,NA,NA,NA,NA,NA,"",NA,NA
