"","NZM","JPY","LJ","WAL","GSG","NSL","WZLS","QZW","ZSX","TL","YHL","CTL","HMX","LJF","XXQ","ZJY","CZP","SMH","TBX","WFS","XQY","SZW","WGH","FAE","GJB","HHT","HWK","HYF","LZT","ZLD","ZYY"
"AKT1","Splice","","","","","","","","","","","","","","","","","","","","","","","","","","","","","",""
"ALK","","","","","Missense variant","","","","","","","","","","","","Missense variant","","","","","","","","","","","","","",""
"AMER1","","","","","","","","","","","","","","","","","","","","","","Missense variant","","","","","","","","",""
"ATM","","","","","","","","","","","","","","","","","Splice","","","","","","","","","","","","","",""
"BAI3","Splice","","","","","","","","","","","","","","","","","","","","","","","","","","","","","",""
"CDH1","","","Splice","","","","","","","","","","","","","","","","","","","","","","","","","","","",""
"EPHA5","Missense variant","","","","","","","","","","","","","","","","","","","","","","","","","","","","","",""
"FGFR3","","","","","Missense variant","","","","","","","","","","","","","","Missense variant","Missense variant","","","","","","","","","","",""
"FHIT","","","","Splice","","Splice","","","","","","","","","","","","","","","","","","","","","","","","",""
"FIP1L1","","Missense variant","","Missense variant","","Missense variant","Missense variant","Missense variant","","","","","","","","","","","","","Missense variant","","","","","","","","","",""
"KMT2D","","Missense variant","Missense variant","","","Missense variant","Missense variant","","","","","","","","","","Missense variant","","","","","","","","","","","","","",""
"LRP1B","","Missense variant","Missense variant","Missense variant","","","","","","","","","","","","","","","","","","","","","","","","","","",""
"MET","","","Missense variant","","","","","","","","","","","","","","","Missense variant","","","","","","","","","","","","",""
"MPL","","","","","","","","","","","","","","","","","","Missense variant","","Splice","","","","","","","","","","",""
"NFE2L2","","","","","","","","","","","","","","","","","","","Splice","","","","Splice","","","","","","","",""
"NTRK1","Missense variant","Missense variant","","","","","","","","","","","","","","","","","","","","","","","","","","","","",""
"PIK3R1","Missense variant","Missense variant","","","","","","","","","","","","","","","","","","","","","","","","","","","","",""
"PKHD1","Missense variant;Splice","","Missense variant","Missense variant","","","","Missense variant","Missense variant","Missense variant","","","","","","","","","","","Missense variant","","","","","","","","","",""
"ROS1","","","","","Missense variant","","","","Missense variant","","","","","","","","","Missense variant","","","","","","","","","","","","",""
"TP53","","","","","","","Missense variant","","","","Splice","","","","","","","","","","","","","","","","","","","",""
