"","WJX1","WWP1","LHW1","YRX1","HBN1","WSZ1","CLYG1","LZC1","WLD1","BYF1","CRF1","WLF1","XSL1","ZMF1","ZSJ1","GFD1","TWQ1","CYS1","FCY1","GXG1","JXM1","LGC1","NDX1","SGL1","SYM1","TSQ1","ZHC1","ZLY1","QFF1","SWZ1","DFY1","QNX1","CJY1","YHX1","LLY1","XBX1","ZH1","HXH1","LXF1","MHF1","YDY1","YJQ1","ZCM1","ZHM1","ZWX1"
"ALK","","","","","","","","","Splice","","","","","","","Missense variant","","","","","","","","","","","","","","","","","","","","","","","","","","","","",""
"APC","Missense variant","Stop gained","","","","","","","","","","","","","","","","","","","","","","","","","","","","","","","","","","","","","","","","","","",""
"ARID1A","Missense variant","","","","","Inframe deletion","","","","","","","","","","","","","","","","","","","","","","","","","","","Frameshift variant","","","","","","","","","","","",""
"EPHA5","","Missense variant","","","","","","","","","","","","","","","","","","","","","","","","","","","Missense variant","","","","","Missense variant","","","","","","","","","","",""
"ERBB2","Missense variant","","","","Missense variant","","","","","","","","","","","","","","","","","","","","","","","","Missense variant","","","","","","","","","","","","","","","",""
"FIP1L1","Missense variant","","","","Missense variant","","","Missense variant","","Missense variant","","Missense variant","","","","","Missense variant","","","","","","","","","","","","Missense variant","","Missense variant","Missense variant","","","","","","","","","","","","",""
"GRM8","Missense variant","","","","","","","","","","","","","","","","","","","","","","","","","","","","Missense variant","Missense variant","","","","","","","","","","","","","","",""
"KEAP1","Frameshift variant","","","Stop gained","Frameshift variant","","","","","","","","","","","","","","","","","","","","","","","","","","","","","","","","","","","","","","","",""
"KMT2D","Missense variant","Missense variant","Inframe deletion;Missense variant","","","Missense variant","Splice","Missense variant","","Missense variant","","","","","","","","","","","","","","","","","","","","","","","Missense variant","","","","","","","","","","","",""
"LRP1B","Missense variant","Missense variant;Splice","","","","","","","","","","","Missense variant","","Stop gained","","","","","","","","","","","","","","Missense variant","","Splice","","","","Missense variant","","","","","","","","","",""
"NOTCH1","","","","","","Inframe deletion","","","","","","","","","","","","","","","","","","","","","","","Missense variant","Missense variant","","","","","","","","","","","","","","",""
"NTRK1","","","Missense variant","","","","","","","","Missense variant","","Frameshift variant","","","","","","","","","","","","","","","","","","Missense variant","","","","","","","","","","","","","",""
"PIK3R1","","","Missense variant","","","","","","","","","","","","","","","","","","","","","","","","","","","","","","","Missense variant","","","Missense variant","","","","","","","",""
"PKHD1","","","","","","","Missense variant","","Missense variant","","","","","","","","","","","","","","","","","","","","","","","Missense variant","","","","","","","","","","","","",""
"PTPRD","","","Inframe deletion","","","","","","Missense variant","","","","","","","","","","","","","","","","","","","","","","","Missense variant","","","","","","","","","","","","",""
"RBM10","","","Inframe deletion","Splice","","","","","","","","","","","Stop gained","","","","","","","","","","","","","","","","","","","","","","","","","","","","","",""
"ROS1","","","","Splice","","","","","","","","","","","","","","","","","","","","","","","","","Missense variant","","","","","","","Missense variant","","","","","","","","",""
"SMARCA4","","","","Stop gained","","Missense variant","","","","","","","","Missense variant","","","","","","","","","","","","","","","Splice","Splice","","","","","","","","","","","","","","",""
"TNFAIP3","","","","Missense variant","","","","","","","Missense variant","","","","","","","","","","","","","","","","","","Missense variant","Missense variant","","","","","","","","","","","","","","",""
"TP53","","Missense variant;Splice","","","Missense variant","","Missense variant","Missense variant","","","","Missense variant","","Stop gained","","","","","","","","","","","","","","","","","","","","","","","","","","","","","","",""
