"","WJX2","WLF2","WLD2","XSL2","ZMF2","FCY2","NDX2","BYF2","CLYG2","CRF2","CYS2","GFD2","GXG2","HBN2","JXM2","LGC2","LHW2","LZC2","SGL2","SYM2","TSQ2","TWQ2","WSZ2","WWP2","YRX2","ZHC2","ZLY2","ZSJ2","LLY2","QFF2","ZH2","YDY2","MHF2","QNX2","LXF2","SWZ2","CJY2","DFY2","HXH2","XBX2","YHX2","YJQ2","ZCM2","ZHM2","ZWX2"
"ABL1","","","","","","","","","","","","","","","","","","","","","","","","","","","","","","Missense variant","","","","","","","","","","","","","","",""
"APC","Missense variant","Frameshift variant","Missense variant","","","","","","","","","","","","","","","","","","","","","","","","","","Missense variant","","","","","","","","","","","","","","","",""
"ATM","","","Splice","","Missense variant","","","","","","","","","","","","","","","","","","","","","","","","","","","","","","","","","","","","","","","",""
"BAI3","","Splice","","","","","","","","","","","","","","","","","","","","","","","","","","","","","Missense variant","","","","","","","","","","","","","",""
"CDH1","","","","Splice","","","","","","","","","","","","","","","","","","","","","","","","","","","Splice","","","","","","","","","","","","","",""
"EGFR","Missense variant","","Stop gained","","","","","","","","","","","","","","","","","","","","","","","","","","","","","","","","","","","","","","","","","",""
"FHIT","","","","","","","","Splice","","","","","","","","","","","","","","","","","","","","","","","","","","","Splice","","","","","","","","","",""
"FIP1L1","Missense variant","","","","","","","","","","","","","","","","","","","","","","","","","","","","","","","Missense variant","","","","","","","","","","","","",""
"KMT2D","","Inframe deletion;Missense variant","","","","","Missense variant","","","","","","","","","","","","","","","","","","","","","","Missense variant","","","Missense variant","","Missense variant","","Missense variant","","","","","","","","",""
"LRP1B","","","","","","","Missense variant","","","","","","","","","","","","","","","","","","","","","","Missense variant","Missense variant","Missense variant","","","Missense variant","","","","","","","","","","",""
"NTRK1","Frameshift variant;Missense variant","","","","","","","","","","","","","","","","","","","","","","","","","","","","","","","Frameshift variant","","","","","","","","","","","","",""
"PKHD1","Missense variant","","","","","","","","","","","","","","","","","","","","","","","","","","","","","","Missense variant","Missense variant","","","","","","","","","","","","",""
"PTPRD","Missense variant","","","","","","","","","","","","","","","","","","","","","","","","","","","","","","Missense variant","","","","","","","","","","","","","",""
"RASSF1","","","","","","Missense variant","","","","","","","","","","","","","","","","","","","","","","","Missense variant","","","","","","","","","","","","","","","",""
"RBM10","","Missense variant","","","","","","","","","","","","","","","","","","","","","","","","","","","","","","","Missense variant","","","","","","","","","","","",""
"RET","","","","","","","","","","","","","","","","","","","","","","","","","","","","","Missense variant","Missense variant","","","","","","","","","","","","","","",""
"ROS1","Missense variant","","","","Missense variant","","","","","","","","","","","","","","","","","","","","","","","","","Missense variant","","","","","","","","","","","","","","",""
"TNFAIP3","","","","","","Missense variant","","","","","","","","","","","","","","","","","","","","","","","","Missense variant","","","","","","","","","","","","","","",""
"TP53","","","","Splice","Splice","","","","","","","","","","","","","","","","","","","","","","","","","","","","Splice","","","","","","","","","","","",""
"TSC1","","Inframe deletion","Missense variant","Missense variant","","","","","","","","","","","","","","","","","","","","","","","","","","","","","","","","","","","","","","","","",""
