"ID1","type","cfDNA","AFP","CEA","CA199","CA125","AFD","cancer"
"CJY1","cfDNA1",1.424,3.97,3.07,8681,88.82,0.357605112449473,"Cholangio"
"CJY2","cfDNA2",5.86,1.98,0.94,204.8,74.51,0.382413953867402,"Cholangio"
"CLY1","cfDNA1",5.06,NA,5.78,NA,NA,0.28478725612288,"Cholangio"
"CLY2","cfDNA2",1.868,NA,NA,NA,NA,0.289227886708734,"Cholangio"
"CZP","suspect",1.6,15.53,1.94,23.97,12.44,0.386914688529663,"Cholangio"
"DFY1","cfDNA1",1.948,193.2,1.08,10000,9.4,1.06259057329246,"Cholangio"
"DFY2","cfDNA2",19.04,6.8,2.11,509.4,40.06,0.467192521397762,"Cholangio"
"FAE","suspect",5.1,NA,1.02,9.11,6.38,0.493638315014141,"Cholangio"
"GGB1","cfDNA1",4.98,56.16,1.29,106.8,14.5,NA,"Cholangio"
"GGB2","cfDNA2",12,11.04,0.52,26.71,70.01,NA,"Cholangio"
"GJB","suspect",0.98,11.38,0.2,5.57,7.19,0.567350661418931,"Cholangio"
"HHT","suspect",4.76,NA,1.92,8894,10.59,0.905139106325651,"Cholangio"
"HWP","suspect",NA,NA,NA,NA,NA,0.6440257852369,"Cholangio"
"HWS","suspect",1.622,NA,NA,NA,NA,NA,"Cholangio"
"HXH1","cfDNA1",4.6,NA,NA,775.9,NA,0.168153528100066,"Cholangio"
"HXH2","cfDNA2",4.56,1.77,1.34,104.8,69.25,0.110375833009315,"Cholangio"
"HY1","cfDNA1",4.22,4.87,11.54,988.4,19.36,NA,"Cholangio"
"HY2","cfDNA2",3.8,6.66,0.87,24.26,95.22,NA,"Cholangio"
"HYF","suspect",2.14,4.35,2.25,10000,14.57,0.357138421973887,"Cholangio"
"LLY1","cfDNA1",8.52,2.3,0.83,30.36,19.37,0.336448477556368,"Cholangio"
"LLY2","cfDNA2",2.36,2.85,2.11,12.8,76.8,3.25970569272749,"Cholangio"
"LXF1","cfDNA1",2.72,3.42,NA,608.2,15.18,0.3866424524189,"Cholangio"
"LXF2","cfDNA2",13.52,2.86,1.85,19.6,129,0.278769777414987,"Cholangio"
"LZT","suspect",NA,NA,NA,NA,NA,5.24915769266365,"Cholangio"
"MHF1","cfDNA1",1.78,2.67,8.16,104.2,7.26,0.501077078352223,"Cholangio"
"MHF2","cfDNA2",0.61,NA,NA,NA,NA,0.770718107222093,"Cholangio"
"QFF1","cfDNA1",1.94,7.92,28.92,996.2,26.29,0.515282853586261,"Cholangio"
"QFF2","cfDNA2",2.7,5.89,2.23,112.6,21.25,4.99508008404771,"Cholangio"
"QNX1","cfDNA1",1.423,2.01,2.78,1.34,30.21,0.148736375888684,"Cholangio"
"QNX2","cfDNA2",2,2.41,1.18,1.56,41.41,0.256075185272801,"Cholangio"
"SCF1","cfDNA1",1.37,4.94,4.96,87.86,80.82,NA,"Cholangio"
"SCF2","cfDNA2",0.896,NA,NA,NA,NA,NA,"Cholangio"
"SMH","suspect",4.06,NA,NA,NA,NA,0.522657977314037,"Cholangio"
"SWZ1","cfDNA1",1.276,3.42,5.55,97.29,9.82,0.727429030077849,"Cholangio"
"SWZ2","cfDNA2",1.788,3.26,4.6,13.23,115.1,0.249099576876399,"Cholangio"
"SZW","suspect",NA,NA,NA,NA,NA,29.2806589483658,"Cholangio"
"TBX","suspect",3.1,12.8,2.07,0.6,10.78,0.734542524296586,"Cholangio"
"WFS","suspect",0.616,67.8,2.23,20.14,36.33,1.26690907771631,"Cholangio"
"WGH","suspect",2.28,11.85,1.7,12.45,12.01,0.658174991928442,"Cholangio"
"XBX1","cfDNA1",7.26,3.33,2.95,739.9,19.87,0.395523713590599,"Cholangio"
"XBX2","cfDNA2",1.474,1.98,1.12,21.81,85.21,0.414965614539324,"Cholangio"
"XQY","suspect",0.696,92.33,1.7,20.95,7.06,0.953628953845518,"Cholangio"
"YDY1","cfDNA1",4.56,2.9,3.52,147.4,59.08,0.249142003283267,"Cholangio"
"YDY2","cfDNA2",2.68,1.64,2.11,81.05,116.2,0.418168808258101,"Cholangio"
"YGY1","cfDNA1",NA,1.46,6.31,486.7,11.38,NA,"Cholangio"
"YGY2","cfDNA2",NA,NA,NA,NA,NA,NA,"Cholangio"
"YHX1","cfDNA1",1.044,0.79,2.17,475.8,18.3,0.816556304312506,"Cholangio"
"YHX2","cfDNA2",1.392,3.55,0.81,124,85.98,NA,"Cholangio"
"YJQ1","cfDNA1",3.18,5.65,3.86,178.8,15.07,0.114904851942815,"Cholangio"
"YJQ2","cfDNA2",3.86,2.44,3.4,35.97,55.13,0.127760053224782,"Cholangio"
"ZCM1","cfDNA1",5.1,3.71,4.43,981.4,13.3,0.0936810419055016,"Cholangio"
"ZCM2","cfDNA2",1.62,3.05,1.69,16.77,53.12,0.0924789603774898,"Cholangio"
"ZH1","cfDNA1",1.442,3.42,0.51,11.08,18.06,0.739531162637853,"Cholangio"
"ZH2","cfDNA2",26.6,NA,NA,NA,NA,0.391906862404832,"Cholangio"
"ZHJ1","cfDNA1",18.64,1.65,3.33,0.6,110,NA,"Cholangio"
"ZHJ2","cfDNA2",0.778,2.28,2.98,0.99,112.1,NA,"Cholangio"
"ZHM1","cfDNA1",1.166,2.24,3.41,3750,22.88,NA,"Cholangio"
"ZHM2","cfDNA2",1.66,NA,4.67,492.6,50.33,NA,"Cholangio"
"ZLD","suspect",5.54,15.24,1.98,3.64,13.47,0.487829432806693,"Cholangio"
"ZQF","suspect",1.98,28.07,1.1,7.24,25.9,0.369491577441218,"Cholangio"
"ZSS1","cfDNA1",NA,2.7,3.75,1536,16.94,NA,"Cholangio"
"ZSS2","cfDNA2",NA,1.61,4.72,25.84,97.4,NA,"Cholangio"
"ZWX1","cfDNA1",14.56,2.78,0.84,81.77,12.45,0.668039131525991,"Cholangio"
"ZWX2","cfDNA2",2.24,NA,NA,NA,NA,0.549718953830048,"Cholangio"
"ZYY","suspect",NA,NA,NA,NA,NA,0.528360793504302,"Cholangio"
"BYF1","cfDNA1",0.76,NA,1.68,18.32,12.76,0.492768573673281,"Gallbladder"
"BYF2","cfDNA2",1.26,NA,1.91,22.49,18.42,1.60591728182058,"Gallbladder"
"CHG1","cfDNA1",0.92,NA,1.24,0.6,12.67,0.257994980183721,"Gallbladder"
"CHG2","cfDNA2",3.36,NA,0.69,0.6,14.42,17.0706926042271,"Gallbladder"
"CLYG1","cfDNA1",2.54,NA,4.13,10000,36.11,1.05065107529213,"Gallbladder"
"CLYG2","cfDNA2",5.12,NA,1.12,37.85,130,0.492793322410623,"Gallbladder"
"CRF1","cfDNA1",0.71,NA,1.88,190.2,18.6,1.34720105272005,"Gallbladder"
"CRF2","cfDNA2",0.56,NA,NA,NA,NA,0.771145906824708,"Gallbladder"
"CYS1","cfDNA1",4.98,NA,1.86,178,13.4,NA,"Gallbladder"
"CYS2","cfDNA2",3.62,NA,0.57,23.5,115,NA,"Gallbladder"
"FCY1","cfDNA1",7,NA,1.4,136.6,34.21,0.317073751751857,"Gallbladder"
"FCY2","cfDNA2",5.76,NA,1.53,11.03,112.5,1.06281331192853,"Gallbladder"
"GFD1","cfDNA1",1.13,NA,1.65,265,13.2,1.27265078477955,"Gallbladder"
"GFD2","cfDNA2",2.46,NA,NA,NA,NA,NA,"Gallbladder"
"GFY","suspect",NA,NA,NA,NA,NA,1.96058790112813,"Gallbladder"
"GSG","suspect",1.27,NA,2.23,50.8,8.19,2.95475882227298,"Gallbladder"
"GXG1","cfDNA1",2,NA,28.35,480,10.63,NA,"Gallbladder"
"GXG2","cfDNA2",2.14,NA,27.39,203.3,16.25,0.537259732345539,"Gallbladder"
"HBN1","cfDNA1",1.69,NA,4.01,2896,21.78,0.155987755929756,"Gallbladder"
"HBN2","cfDNA2",7.4,NA,1.82,198,244.7,NA,"Gallbladder"
"JPY","suspect",1.862,NA,NA,NA,NA,0.449246151291252,"Gallbladder"
"JXM1","cfDNA1",1.54,NA,1.78,67,76.85,NA,"Gallbladder"
"JXM2","cfDNA2",2.18,NA,3.28,48.45,128.6,NA,"Gallbladder"
"LGC1","cfDNA1",1.93,NA,0.81,12.83,7.76,0.378623861520245,"Gallbladder"
"LGC2","cfDNA2",3.54,NA,0.2,7.31,29.24,0.35385391097528,"Gallbladder"
"LHW1","cfDNA1",3.8,NA,5.29,6822,111.2,10.9041275025842,"Gallbladder"
"LHW2","cfDNA2",5.14,NA,19.6,10000,NA,11.3911013361856,"Gallbladder"
"LJ","suspect",NA,NA,0.93,4.15,NA,0.910014607581927,"Gallbladder"
"LZC1","cfDNA1",1.21,NA,2.84,104.4,11.51,0.379617346547813,"Gallbladder"
"LZC2","cfDNA2",8.16,NA,2.62,32.06,NA,NA,"Gallbladder"
"MJM1","cfDNA1",0.84,NA,1.59,10.38,12.11,2.70358035145989,"Gallbladder"
"MJM2","cfDNA2",1.3,NA,1.07,8.53,131.1,3.1200839232483,"Gallbladder"
"NSL","suspect",1.494,NA,1.25,298,37.2,0.581142779185982,"Gallbladder"
"NZM","suspect",0.868,NA,1.35,261.2,8.32,3.24798186229541,"Gallbladder"
"QZW","suspect",0.91,NA,1.67,70.6,10.85,0.697539626437096,"Gallbladder"
"SCL1","cfDNA1",1.73,NA,2.89,24.23,5.45,0.582291827705405,"Gallbladder"
"SCL2","cfDNA2",1.79,NA,2.22,18.96,4.51,17.2868162563628,"Gallbladder"
"SGL1","cfDNA1",2.22,NA,5.38,304.1,88.27,0.644683394543396,"Gallbladder"
"SGL2","cfDNA2",5.42,NA,NA,NA,NA,0.491113943805302,"Gallbladder"
"SYM1","cfDNA1",2.2,NA,3.42,791.3,54.35,0.459640620974692,"Gallbladder"
"SYM2","cfDNA2",3.26,NA,NA,NA,NA,0.934851733271103,"Gallbladder"
"TL","suspect",1,NA,1.8,43.21,9.3,0.494479772083748,"Gallbladder"
"TSQ1","cfDNA1",1.64,NA,235.9,5047,249.5,2.55113520050388,"Gallbladder"
"TSQ2","cfDNA2",3.08,NA,37.89,432.9,83.19,0.663807097440589,"Gallbladder"
"TWQ1","cfDNA1",1.18,NA,1.38,10.5,9.61,0.510057334473293,"Gallbladder"
"TWQ2","cfDNA2",5.46,NA,NA,NA,NA,0.627670405388054,"Gallbladder"
"WAL","suspect",5.32,NA,2.38,0.7,8.13,0.840247917016164,"Gallbladder"
"WJX1","cfDNA1",3.1,NA,2.56,170.7,11.31,0.401937172095962,"Gallbladder"
"WJX2","cfDNA2",8.1,NA,1.64,5.88,NA,0.327333871146876,"Gallbladder"
"WLD1","cfDNA1",1.18,NA,2.45,280.3,67.86,0.502427652304291,"Gallbladder"
"WLD2","cfDNA2",2.66,NA,1.57,19.22,55.83,0.317688934651491,"Gallbladder"
"WSZ1","cfDNA1",21,NA,16.3,1599,94.22,32.1545141482693,"Gallbladder"
"WSZ2","cfDNA2",1.46,NA,7.59,98.43,62.04,33.8084934780071,"Gallbladder"
"WZL1","cfDNA1",2.76,NA,3.27,348.9,35.1,34.6080792195712,"Gallbladder"
"WZL2","cfDNA2",3.26,NA,1.97,11.87,184,2.01209355906975,"Gallbladder"
"WZLS","suspect",0.818,NA,2.5,9.21,8.37,0.713541452895345,"Gallbladder"
"XSL1","cfDNA1",0.63,NA,43.76,1.22,270.3,0.994771961908861,"Gallbladder"
"XSL2","cfDNA2",3.92,NA,15.05,0.63,135.9,1.37835264196522,"Gallbladder"
"YHL","suspect",2.1,NA,2.96,416.4,23.69,0.499415377416434,"Gallbladder"
"YLG1","cfDNA1",1.49,NA,7.15,117.5,14,17.9254432813254,"Gallbladder"
"YLG2","cfDNA2",2.08,NA,NA,NA,NA,0.281439105513964,"Gallbladder"
"YRX1","cfDNA1",9.24,NA,33.47,10000,102.3,2.21740908405508,"Gallbladder"
"YRX2","cfDNA2",5.68,NA,56.61,10000,63.59,NA,"Gallbladder"
"ZHC1","cfDNA1",13,NA,NA,803.3,68.29,0.547265293299325,"Gallbladder"
"ZHC2","cfDNA2",4,NA,0.8,52.35,84.96,0.331364379799641,"Gallbladder"
"ZJY","suspect",0.756,NA,2.81,45.79,7.47,8.70664468762292,"Gallbladder"
"ZMF1","cfDNA1",1.4,NA,5.81,11.39,101.4,15.8994939648782,"Gallbladder"
"ZMF2","cfDNA2",1.52,NA,6.52,9.4,14.45,16.3114473045297,"Gallbladder"
"ZSJ1","cfDNA1",3.18,NA,3.41,93.48,7.04,0.64781234205015,"Gallbladder"
"ZSJ2","cfDNA2",6.04,NA,1.55,9.23,38.76,0.651577685659967,"Gallbladder"
"ZSX","suspect",0.77,NA,6.12,53.08,35.17,1.04221175585867,"Gallbladder"
"ZZM","suspect",0.602,NA,NA,NA,NA,NA,"Gallbladder"
